86137
37600
1976
57791
92896
28565
44316
25956
66538
61518
87817
63391
64718
51195
90983
45562
72266
50193
34027
88742
29190
36302
26853
53880
59502
23838
97133
26002
58029
13920
51006
43613
98957
47431
2179
86733
89160
28241
30747
44869
65557
92085
54414
83501
93290
56924
95300
56192
78403
62383
45700
46144
90093
27972
8384
37298
43167
47498
85265
4352
83814
96784
36887
80470
80250
64270
2408
78074
24479
68532
96184
65733
61815
34986
29372
10783
28931
38453
75518
93498
41982
17744
74245
21713
40794
48068
49318
24822
80277
84403
53750
36496
99966
45645
84452
30510
85001
25079
43549
53244
95088
19354
71595
57034
2789
75050
81979
10782
54717
61781
13716
11202
76356
50619
5551
38517
55154
73976
47438
24650
97767
75782
60661
89729
70302
52537
54634
80714
46207
16656
8459
51009
32634
13587
18449
73952
82209
52487
99286
53925
46876
53718
60275
65559
78713
18051
97805
39469
61022
84339
67526
87426
35412
51243
77914
18153
26621
19404
29361
54537
68752
88223
89173
44601
76680
24118
76285
62626
68672
9320
54694
97146
5027
71906
77185
93719
29598
23873
48315
73869
58386
13054
54905
4109
94819
47384
84672
18042
76306
93696
338
67143
43227
75981
42693
70867
20414
60599
75669
72889
20369
40449
94451
44023
28742
14343
89933
65815
46494
37292
20751
25363
92893
82596
19865
43273
28795
15859
50632
79636
44051
48588
3040
66947
70795
54627
2412
10617
64388
73940
18002
32590
16530
27354
26022
46032
34431
20538
84590
40818
10988
32853
21993
70970
91265
49069
68354
32600
13270
90040
49243
45365
65741
18536
59064
46904
53500
42499
17564
35739
27038
75842
91505
78735
33372
18342
65196
54323
38554
68771
67321
50147
77563
87392
6397
90271
67042
50703
7668
72422
66074
86363
87336
40376
21485
55830
43218
43023
63361
37134
57207
30370
96515
27407
14550
54591
60277
14806
42980
30424
41904
31067
19895
28912
41324
62206
33917
13468
61634
49452
44960
20757
84112
5514
22144
95972
38121
83752
41401
10022
53474
30057
90823
53349
73326
4414
56423
12182
55352
44625
64201
80358
99764
15355
89009
70776
869
73784
13804
96995
14525
89829
12747
95951
6817
46849
83370
10493
37278
53900
80701
5618
32008
96721
97686
86336
24454
88680
71778
94501
74195
69178
7381
71341
47765
43265
9979
16793
26353
54541
60681
53305
42527
32041
45057
55518
73900
92469
31597
95096
34775
98985
31639
1943
48786
82903
90370
60887
15680
51570
37024
15114
79830
91814
39987
80079
1317
5273
16300
59533
89063
83629
94748
33156
37169
87986
41215
11995
20866
16015
76070
41135
96962
69464
54979
9159
54043
91942
32795
79410
42474
72622
86470
92804
83468
34066
44164
51528
79394
84197
75216
43071
15185
33843
4367
11640
51079
77869
7270
62878
54356
81665
41463
8373
45157
83790
55197
62072
57244
92141
77966
2706
35678
65463
72888
4281
19799
88189
82383
8213
13661
73201
58753
23526
4101
9485
6207
40609
24829
10941
54650
49871
66447
94391
21067
38076
39746
22141
54200
60778
93150
51511
73948
29248
27846
73316
59432
10498
5464
75155
36873
57739
55667
34540
57072
94742
14626
66324
63761
86766
89491
27592
45883
27606
75139
33966
24307
64032
63030
2953
75178
26020
85711
44174
21852
36316
98498
82918
95184
18935
62506
4456
38680
98304
78853
98193
53165
38867
68546
90470
63963
21518
62599
23374
64278
51032
53063
42153
85957
75520
81903
47090
89258
40869
61862
62322
96074
23411
24735
68687
44920
23011
9417
43374
71989
77723
5048
19132
80128
77610
75234
98742
26702
27317
4461
92398
22838
55193
73122
93355
69919
80297
68566
94780
96875
87958
91628
81532
92797
93073
68209
60949
93776
88332
77406
32266
38384
74787
93654
68745
26147
39110
35446
99100
84033
16178
7582
55563
26013
86625
67089
33347
61098
16359
78939
80894
71569
1273
83245
49444
85498
74040
76969
64931
65090
11860
97946
37316
35476
82986
17414
99103
1464
69850
35873
78409
35218
32916
12920
52536
74692
95426
14
36405
77680
71731
25031
229
96189
56045
58988
58591
55183
40839
5201
60766
56071
44940
92500
60992
81008
91167
91545
91079
66036
83934
83995
79873
57435
6557
88592
9544
47074
93014
49577
24846
89871
39686
75761
4785
61058
48898
89255
25042
26760
61291
66175
57097
82305
11227
56964
47344
1614
80113
53163
43933
67402
27174
9509
75760
31494
98720
94339
98616
33494
37194
68993
56541
93866
11480
73883
49502
29467
85943
78958
72397
48345
45959
72112
82127
75012
59144
53583
2005
40197
92571
4012
64250
76655
75990
38094
52661
48743
74858
75594
54567
25110
30968
94281
35890
39162
10440
53379
97609
89171
26909
71433
79167
12839
29022
77899
55344
23743
11250
14776
85522
37427
94633
71553
4016
64829
38964
91050
62195
77304
68583
1968
61148
20978
10533
1876
3493
96318
57811
2537
10534
90287
63699
35856
21261
24405
27196
55458
42140
63823
66820
75520
99560
39964
81887
62271
65891
45753
40347
39990
50451
34936
98629
37450
8852
47505
68255
15848
75495
94911
81585
68111
13759
29413
1518
87475
30894
67642
61236
75170
67618
30830
429
6450
37930
27290
43687
3526
9451
32800
29731
84673
74436
45631
74538
16630
60618
22297
70578
97730
61510
92257
91404
11495
95220
80013
82888
2399
34475
28676
7555
87728
34122
75268
33621
9954
18253
77075
70908
65753
79219
90790
60586
42787
76380
90665
52833
76824
91726
55753
47267
65156
45598
38212
80202
9409
36151
92033
7340
28264
39679
75589
95294
94979
87740
78151
43903
86413
91091
1834
62755
21400
42628
66290
83989
15471
28547
23086
15385
49608
28093
82459
4902
521
82479
13679
94994
58331
55632
37657
52264
32332
39241
7559
78489
65782
98394
41318
26174
90610
51640
91029
41807
25578
1522
13649
60090
97425
45059
5824
68575
82778
10921
44360
90151
3914
87009
32490
18995
4447
62517
28360
53400
5015
45389
20323
84245
9235
19768
60809
13740
51023
41485
62009
30920
34691
26534
47131
997
52496
38666
10410
30605
84595
20672
1114
95678
71161
27887
15864
1080
82694
80940
4750
69005
818
67661
81073
62299
46163
69205
64226
90812
63605
59025
64458
22249
37931
55690
18475
64649
32952
28427
74971
32942
40761
92143
41403
30053
7141
97748
66276
39096
81287
51072
17205
5254
16349
66788
8245
29611
67103
54838
42063
63004
53998
62494
86678
46368
26932
96242
33235
52642
3519
55255
63057
41927
44272
80094
23869
89584
78092
13875
92832
79071
33376
20406
20951
86487
55222
20300
80898
85234
76176
2294
628
35341
91633
6746
43236
52076
31898
90520
31875
36562
67573
44041
9289
7770
64716
82640
39819
5024
64395
61735
58098
38460
4432
21162
85507
13261
97003
85240
97893
8913
53356
36096
31650
6326
96533
54533
99190
33308
25745
96379
16181
92016
83954
30357
58600
25750
50148
40049
51647
6177
30698
59608
45833
87616
31897
3399
61491
75660
88322
8425
62480
27656
1661
93491
25387
43383
15976
36754
85325
41548
10567
64391
84456
78489
57892
70466
38570
24896
33690
1090
70328
99076
5907
18260
73906
96429
59691
2089
3561
81353
49544
84765
1595
90747
29538
77935
78030
7034
61751
62290
55513
84763
2798
53904
7331
35367
87881
58654
95087
69955
44020
81515
79820
16342
37181
23201
23729
52996
28052
36411
65372
84052
70179
86494
92785
56336
15606
12719
42198
90746
80109
23175
34284
79972
36974
99042
10706
6471
31369
44312
15078
882
53817
27157
14876
19046
10145
66192
55889
12423
29910
71397
17237
99699
59489
91936
81298
20587
53793
86327
30413
15658
91425
38158
63122
54704
40811
5838
87818
2914
86276
35900
33434
2533
26038
78028
32325
30967
79786
36625
8270
26531
2896
76181
83968
25251
68337
57122
70667
29258
75346
79345
80572
69993
29403
45791
32677
99340
70403
2627
83055
72501
1529
55382
17704
62511
18756
70645
62302
38026
54599
75163
73984
16152
68823
21193
64490
64922
33261
31371
12427
98940
75153
10856
67848
20826
95794
80046
21606
80764
6179
13084
35229
57893
54268
55246
75348
56639
53742
29226
85723
36858
92522
29493
89557
39029
68233
13664
51308
54342
66100
23896
66727
35406
66320
31029
52356
6137
68217
4242
71923
80590
31888
12225
22825
90046
78107
85347
73706
39358
57321
67343
42074
39538
58495
71038
35083
91162
24267
25172
74522
64912
85196
72550
14866
71620
98127
54990
6532
77889
89626
28039
23045
13201
40105
24107
52937
13591
26721
66255
35956
44940
14972
58210
27436
16286
96122
821
23731
45583
3876
28125
27277
68567
9471
33332
17289
90095
80734
14651
5118
78875
67689
67111
32570
93281
15164
17996
98708
45378
87498
91131
7804
98152
28066
63409
76195
60822
50651
64699
9177
37319
36437
20170
25132
81830
59728
42578
41580
65748
75778
98850
97569
15756
52059
9558
61731
46294
27226
64187
77685
76816
63180
89943
76447
94800
18177
57987
5173
65471
65042
50479
4859
9181
93856
39707
65458
59035
7730
72780
76100
6158
21658
38298
21587
19622
83103
90313
35518
93530
1009
63885
34231
37231
41654
54086
70148
28199
51987
56261
2301
31983
39378
27448
4608
80069
86729
68657
70997
80728
2037
23063
11567
82624
27555
87968
8407
19570
46846
41510
25147
60731
11787
14842
83695
96430
46754
5617
95074
31367
80916
56145
53199
65053
58494
23688
73233
84315
55383
18792
97730
42258
25770
87901
10599
89840
92389
14643
99885
77760
41142
82218
73907
44471
19634
66192
96433
88489
4549
81604
95762
10044
55158
13534
12229
56826
65854
77441
94719
37715
10628
21969
32100
65375
77918
3828
62243
14143
47073
19591
38387
35326
19062
91778
65062
46350
50091
88988
49723
47086
77972
94129
85606
63460
80590
6579
42075
97852
53449
54222
24025
11288
85511
23447
95335
57006
67488
27776
6362
38470
65865
50322
3880
39315
69449
60133
31308
88918
2924
10654
27317
60055
5859
10271
48383
14868
45178
97275
5886
1843
68411
54034
95075
563
38471
80601
28635
7196
13824
14103
58101
48562
36747
98377
9262
24215
54838
4351
59984
59954
28113
13817
1999
43503
44845
11265
7614
24125
16260
28467
80572
63319
3879
44560
55198
66215
58058
53057
9816
68258
1984
23736
33846
66897
70844
79245
48818
42490
52639
45053
78062
66782
72289
20824
19235
6608
58097
73120
91916
65326
3323
8954
92347
85727
7517
67598
37643
38712
71689
9102
60996
94763
57075
13438
24571
93989
95999
55889
63381
63935
28320
28875
9092
6760
83016
66392
29928
60000
10281
53183
85157
92899
15270
24324
40208
71779
12264
62277
78517
76776
72070
74010
40249
50588
53518
57027
4148
36254
12145
17630
55340
32550
76446
24400
5457
79835
40349
43745
67935
51870
73745
87264
27771
42593
47404
75827
49295
70038
38345
56381
69222
35978
40790
65322
26901
59754
47981
7979
39901
86989
12701
37059
68488
46819
93640
6625
72867
4365
55131
30593
90468
57316
65073
10317
77131
95274
6533
13934
17070
27911
95022
48178
91098
24713
60248
49354
57701
30059
54947
85699
69885
55548
15104
30318
8017
63415
4961
91051
7301
4868
96873
20939
16750
88789
39578
57555
12650
43275
49532
78892
61155
41330
44379
27166
40541
78630
99103
68246
78555
27385
96608
2833
82069
39747
59893
84267
36509
60139
28593
52559
92275
43400
74520
70762
77102
18077
48497
84401
40201
53597
2906
92160
6027
41703
57249
73630
20942
3760
21717
96914
35444
4702
44525
51045
24105
14359
8439
4488
47131
98463
23770
74870
64034
17827
37637
34862
42896
92266
1699
42649
33259
60741
61572
57569
95976
30743
33341
93138
84600
73045
94779
33119
65239
81509
36150
82337
68451
6616
1651
8932
8747
54211
69730
1410
84450
69697
4662
47742
65137
81229
57069
54446
92200
84048
56035
30843
19192
62267
64734
20756
6736
7056
85154
74046
5021
58919
10262
14178
14263
8991
24664
64246
17542
78019
11715
99785
54821
7003
58216
10658
41943
74791
32364
28959
80593
1146
64764
45857
57455
30157
40984
93572
91314
72843
18772
41526
9983
90720
56241
36890
44301
44312
49126
89868
17469
39656
85619
25885
25608
40727
24280
72338
59748
55504
95896
54568
25887
916
64392
51306
51772
87623
16123
37827
54044
76211
25234
31615
43473
63291
83966
3491
16447
17068
38696
86942
65808
69927
89388
12337
85836
10634
89116
14485
69304
13520
55936
51771
61227
97559
97887
71793
6849
33637
31403
87778
52055
80312
42781
25796
65482
52778
223
87854
85317
47765
71882
18059
40490
35648
29149
90241
41342
8124
63168
65461
88810
65108
30495
26885
95203
66314
51290
37846
10076
68098
49218
29686
26224
49086
52255
65279
83537
7738
55842
64416
81295
15494
42892
6818
89196
77813
94587
99663
13908
38272
42563
24089
52319
29229
60034
83420
34097
31429
19072
25469
36416
74878
8414
82490
126
28726
40773
66563
98565
33630
51273
18935
21401
89357
17514
58051
81797
43722
45254
23123
38739
32974
7813
86080
69575
64166
7011
1151
61564
45285
21938
61261
3938
40982
4233
69267
71190
34771
49831
49711
83154
14146
90645
9104
38974
78532
46688
35516
41614
460
14209
29786
84023
82761
15865
30573
64681
68608
26436
85886
36721
10224
47638
58522
37768
95309
99906
9885
18565
11492
49355
49092
72579
31720
86701
85637
95224
41440
66028
29003
4149
39926
27387
32671
99333
73636
44035
60684
12228
18145
26369
2559
58543
87935
92490
63326
93972
5416
67442
51750
92888
91613
58714
80082
27359
92452
25870
87772
53183
77002
39281
52501
83376
20319
82120
98538
30477
32621
26447
76268
25207
23644
39768
41421
17986
15006
88377
64210
62171
23956
78076
9191
20980
71741
73318
13574
93425
25550
2451
36075
85568
47052
83232
84033
97766
89807
71920
5093
52343
43625
71875
85093
25386
39898
37192
93270
97837
2015
59960
46387
32589
49474
70014
26331
449
42015
67736
96971
57791
30191
15174
56476
78552
85662
87163
21278
36262
17483
61106
60828
86879
1263
45054
7152
41244
41686
67082
3697
81934
84447
58263
72897
66134
61432
50173
82146
57512
27797
57856
89728
69874
48434
66329
27586
52619
95242
89668
54982
20727
89258
31237
29761
52620
57962
79380
65391
2987
24273
9040
58685
50489
46710
41252
10972
97563
91030
18290
70385
80393
47596
20652
6062
6746
91297
53324
62173
52953
93419
55151
23198
40840
43421
39572
51248
77200
6910
8177
24257
44718
11635
88057
88179
73022
30183
31844
78552
83768
60181
63751
88204
20425
80982
11912
72749
8640
23307
46970
19745
23097
8661
66848
33800
96187
71451
46028
21472
83441
43512
62462
95114
18886
32988
72628
71484
64650
74877
25988
66533
15708
3815
7453
31096
93675
46285
74697
61696
84226
83963
85978
26097
97375
4089
3754
38928
20242
26607
4676
43734
94905
79208
69640
96029
48052
56209
25614
79535
28818
20973
12259
28171
51680
72914
6992
86797
61586
9201
92369
66290
96313
24513
52785
58953
70075
96235
99926
13559
96384
88899
42052
38359
82896
92052
95273
78343
50513
11205
51236
49874
29957
76167
11153
28801
27395
33898
64222
1891
44724
57919
4148
97311
90101
74238
32847
15178
27059
86132
61584
21281
97462
17684
99138
32931
15841
17581
11451
86940
20912
25960
68878
50480
29901
61010
77542
68208
17896
21799
69400
90644
34829
36991
21255
92637
26741
82454
29337
20315
76770
85158
25220
25286
42013
57481
78427
62896
49240
27068
47552
66813
1326
17144
20999
75944
39945
364
8827
89062
30352
1108
2181
36312
83188
13154
6257
92077
76380
54595
21501
41429
54756
18624
47912
80982
13989
23097
31127
80535
86278
37388
84411
5748
86765
19962
14894
76275
36502
56680
3555
1857
2920
57247
50058
63785
73071
49348
80488
11804
2090
88
25721
82640
96828
38530
11731
25345
68749
16081
60492
95505
61757
33019
9130
94890
67842
15956
5161
55067
81396
62224
10096
47457
62582
3133
92178
58129
23467
19150
7770
52044
38722
24439
64903
71880
99145
63340
9454
56794
49440
99603
39649
94194
89274
40999
8750
73341
42004
60017
24341
18906
84112
74647
72601
15492
59789
17490
26119
4126
89320
28152
64316
87406
18766
21853
95738
2697
61706
12031
47672
3536
65001
22804
72051
80679
4548
7726
38316
86431
50346
13823
75138
68684
62338
92990
94032
50372
57592
96425
5615
98909
18171
15541
79533
77077
23720
85271
45455
71858
70840
45439
42938
79813
1498
15733
45597
54073
69822
65581
96950
20120
64419
94840
44370
27430
23741
17245
38228
28087
54661
60089
44454
13345
11169
9683
46825
49693
19039
65834
47418
32626
50842
19874
1189
84312
96683
22828
43033
78359
11382
89057
40042
19562
33806
54798
21652
60111
33
19936
27635
3779
27044
69322
94739
73586
50621
67888
29741
66433
70277
89901
89965
3926
18158
63340
16668
81254
80503
6966
44096
2542
94960
10061
7060
54684
99564
92705
45922
59019
89548
79353
56085
1660
9367
84583
87397
85621
27673
5720
47770
31710
16705
39233
44871
93506
47669
8345
55614
46548
5787
56091
39183
51173
28670
35693
4090
16658
98979
94096
67976
45383
24250
19044
18136
30249
19317
10023
60305
21209
927
67342
10497
13055
74259
40566
38511
37698
73580
41216
31303
19902
83489
11465
80113
33199
88079
31987
47905
93353
3919
87658
63326
81890
61240
21672
92241
45509
71117
43087
66752
32566
92287
76068
51461
33831
48211
30815
76770
23007
40830
47630
33521
60303
39157
7606
60161
75622
88185
28613
58441
65684
23477
78563
38647
81170
5637
7271
38300
60892
67671
54947
93099
96481
22207
27733
76612
24164
21311
70235
16885
47864
96666
93671
43509
98597
78925
32843
2083
62003
62513
97265
16459
10689
14644
22722
26991
58053
32857
38446
60354
1255
46349
76201
49140
75147
40925
97900
14603
79159
14252
665
30021
25629
42431
36764
4624
64082
11431
97680
92725
23025
95084
94618
38284
90894
19379
51841
11730
87718
36614
29799
9309
27331
40075
8424
66274
45760
73834
98081
7936
16374
5178
51009
8325
96163
58011
30462
11458
38674
88770
82833
21871
76128
15433
54731
73547
37206
3282
71355
16398
23455
97339
22235
4105
1759
9984
44111
60435
4556
53710
93761
43242
80483
43816
47216
82976
52742
8486
77844
7060
73976
2293
47848
93787
9711
1069
82390
93103
63197
36049
80648
79436
45068
30668
78716
87638
1497
93662
17059
1453
70063
97802
22958
39900
93003
44226
54767
61265
25397
143
78953
54655
68783
18972
81338
23685
1914
5974
98725
27667
1297
35092
44270
4180
63647
68876
6638
5550
89877
68765
3554
15140
76606
71911
45688
40298
86910
66387
24237
90022
30344
21476
27915
9733
39838
9406
35829
51859
82018
41103
17619
29230
70909
43311
91999
32834
13624
22209
78219
11639
59106
48460
77179
45584
17745
63625
19093
31391
58907
70174
41685
57243
19578
5946
31542
28704
82169
60745
89711
64312
85415
75113
32873
88928
85833
62368
91428
14398
99159
28815
43951
30861
99198
71603
29562
35919
18793
43658
89333
18515
99869
93547
75613
24149
591
36736
44335
64552
89397
51734
92915
75563
20259
98151
19164
68334
95385
20551
80649
26636
40902
52800
98779
27803
81021
16666
85645
46697
78899
39681
7428
87679
89838
27619
91298
42929
76270
58658
63693
52233
52202
43603
18876
61306
12084
72226
18014
84587
76157
34257
97757
86315
62300
36974
45626
65759
92459
44321
56688
89388
68436
62108
9020
31000
6190
31432
91050
21386
99400
39177
89409
6936
47221
40660
9321
97276
17364
48224
66283
81531
22634
13627
48963
45467
38383
70857
14615
32713
76572
60459
83021
9269
84389
10898
1888
17499
16212
60149
49099
37350
18249
19987
70114
61841
20008
52560
35219
22962
47098
92396
80497
22257
78734
52272
83349
66162
26230
52507
51572
82214
15638
75617
79100
82884
372
54071
94414
95812
51526
85520
55512
93363
8367
96602
39614
11219
59607
69821
82275
63736
47588
94115
28420
49105
73256
29266
5018
28387
47663
58261
42781
20490
23769
99957
38555
81719
72321
60600
69316
73377
87171
78310
93949
26355
62894
54095
53225
18970
22792
25207
59703
87684
52686
84049
21356
18684
2786
297
29637
80480
10331
9191
70725
4763
32325
68083
91125
96985
90975
80313
24101
92420
55960
60009
9527
53558
69263
4042
68914
19725
95553
86167
40295
75204
50377
80047
90948
93652
56240
82822
19143
67772
8115
97736
73351
21539
71619
82288
35346
63666
26260
47257
63887
29546
53337
54347
90045
10827
69441
58209
1967
71995
47262
13501
17219
15595
56677
61933
14715
24932
51056
23571
21198
18047
10598
23622
94140
62804
89570
3149
608
90963
5122
75228
80121
63534
93873
17528
15755
17785
73416
74070
58232
44792
44024
29609
53934
14011
67425
71403
17847
65597
37036
93508
57393
63735
91455
35769
53774
40678
73257
97160
14198
44452
94991
88117
53319
1751
90480
4458
67454
33845
35903
45682
69393
59007
77783
20096
98087
66333
58808
24278
43664
4717
26269
13904
65909
68296
45173
81591
97116
62652
87143
24078
3920
15868
3712
1750
91100
6997
84973
6577
62444
82875
66283
40033
28806
59984
5121
55572
26039
48389
28069
63801
67080
23525
67549
72566
83777
75473
72584
42586
45299
20101
78423
2496
53749
42924
15896
510
69601
88491
35446
27163
10963
48480
35584
21295
16415
51488
86931
37871
44176
67760
31862
37737
72580
80120
9410
26938
84750
51650
19797
44152
61284
13073
29058
99829
7750
31654
49796
77849
36867
57543
35492
93521
4596
46257
9330
74559
79583
76187
67466
79087
99865
46024
19970
95912
78955
54716
3884
69434
30323
12424
68865
57123
31297
75397
75395
77778
40883
57893
11371
28118
52302
7895
60145
24881
34297
41772
69913
99668
23446
82848
95642
22228
37369
21803
25252
27689
95912
18623
86317
54801
56431
81627
53104
75655
37882
1069
8611
27920
52367
12165
22207
60996
51891
51213
79882
15302
12602
20614
72075
1457
49159
75881
88377
74536
28458
90921
13939
938
80136
13176
49387
67477
12106
33380
25247
8098
80088
724
42295
84143
55729
69684
21332
38511
31785
83903
55103
59607
17268
41746
94347
9304
6249
66738
19054
70273
29045
43825
1020
64124
43139
45610
70845
88533
98475
61813
21533
56990
83506
49823
9811
14078
35901
77225
25492
52326
69421
71883
82288
18674
2151
31932
10430
61209
13755
31839
35259
61279
91909
92740
72352
31679
40897
72889
16086
76321
73456
20344
38115
5159
8018
23736
42666
39875
97359
33735
86928
21784
11618
47272
51307
20050
65868
83700
87099
5995
81607
94407
16204
6160
5556
66829
9212
84719
57360
41664
64390
26188
24079
10855
86865
76697
55124
42533
96177
89308
19769
16203
59863
26517
96417
17345
98976
44473
57591
66408
5497
66783
594
25501
73656
16641
82706
24843
42408
80364
6738
72120
76701
70827
40924
97379
48847
95803
25093
8175
55950
51339
90610
70202
57784
83503
26224
13456
5172
18605
25089
92845
8455
91962
61291
41698
28473
73852
64296
45063
56206
47065
5980
32650
47045
90362
67195
33878
11355
93
99600
50815
32946
40945
85238
7814
54788
1496
72074
19689
79318
18976
78186
69622
48597
51598
9451
28842
83404
78940
16082
16825
74755
43388
61022
45791
27989
97051
69179
84422
23202
77452
46800
65073
44979
65172
2497
78270
40657
71195
49514
82844
93733
72962
21705
47356
89037
60244
20655
11605
24833
41290
80321
14965
21796
39401
36755
9409
25800
15010
93744
14111
84396
25009
29111
10318
10683
94978
12788
6031
54727
60353
41670
15585
52526
83378
4080
11847
45902
25144
58874
69719
66074
43513
25772
58273
98206
37506
21155
11223
97484
25105
40922
29237
67950
6063
80219
72785
74872
28709
16193
11539
14943
64409
23087
95411
76904
70263
84603
15384
28042
43850
41969
40205
41889
26376
55462
39660
39768
13835
19124
82076
78783
79370
89123
76495
11738
95698
8783
27159
45564
32457
51749
83445
15617
10412
78416
3651
14982
56285
8642
11561
29642
38938
38914
32486
95573
261
98432
31073
52308
575
87222
63846
7137
37537
46033
12360
88815
11005
47864
11568
93322
22580
58097
58672
67793
80073
92996
85760
98027
32155
59999
38618
81733
73630
21050
92438
30393
98109
70320
82002
26034
56018
22385
93843
57629
44944
17391
68657
30488
85523
99426
69921
532
85256
60301
98666
95441
56167
78904
68589
29364
5689
41364
84131
27963
77896
18139
67289
92494
89462
87334
21880
75187
93057
44815
54819
31967
22634
571
13217
53164
77905
34778
90527
24721
98376
53014
81016
81180
59946
97078
33466
48803
93707
4795
57856
16789
7707
43768
73644
16421
14376
60693
75064
57039
45710
20074
50903
5893
66958
5347
10089
58635
28960
22858
70514
35434
59248
89026
17844
2127
92441
3339
16462
85262
87526
33513
50681
35610
90854
38540
25918
9160
8934
69693
10399
1503
15056
36056
90250
85468
85715
74452
92225
43829
85589
70625
49004
68689
77286
80612
73226
80888
68484
84155
71813
48847
80941
84150
7751
8314
52491
11499
16014
68458
50954
16129
30255
94400
62778
33844
48695
64711
85230
78340
27465
51250
45562
266
60680
68136
28206
91439
27028
34841
46522
9801
20188
98551
44416
98680
38812
84569
93415
44227
72330
57533
23234
41047
33714
82761
53110
65897
31784
43296
45416
89987
26895
63
37151
1423
77339
73163
92559
40653
81571
57295
57188
72326
18459
96349
3162
81916
38399
54447
7178
10366
27273
12763
95017
7662
47616
13397
23218
2443
4891
14739
66851
27398
7315
95976
97941
40167
51312
34059
798
24493
35271
76600
57539
44964
10745
94147
24941
98509
76512
63021
15664
20996
81583
19694
67321
82052
61587
16
27040
59709
84302
24273
17144
4629
19530
1761
56010
78634
77099
14055
3001
10649
62622
36943
50159
82525
7903
92616
11108
86746
90481
1088
55117
34109
18835
22741
14410
31259
28981
52160
9152
73434
70379
34091
44332
60277
55280
47129
78728
70117
21285
17812
62957
75470
1884
95945
83940
23133
38493
13045
57089
52604
48335
9848
54778
91663
62614
40788
17534
67232
66055
94246
78006
41005
14218
88546
62976
95076
1480
30438
35931
54562
88600
39095
30980
90589
98570
17760
23113
57623
17058
29015
70967
3212
73776
58692
74184
49252
3866
71347
76591
49957
28523
94885
28983
3165
67443
2436
58334
35561
62501
78114
41548
37049
73570
54495
47805
14505
7461
81800
3966
44031
54409
12623
73754
49429
1239
51073
51909
69984
98058
18574
49530
24416
95802
14643
84449
70466
9106
84158
59412
75142
81275
76886
60346
64562
22126
72823
26944
27172
71323
20344
56422
86460
51878
30167
50225
92041
64526
35745
92460
45286
11393
1212
28028
61042
12384
88782
81867
87626
35917
72892
62338
23977
27947
82047
14860
30768
29227
38328
55706
51047
93299
74265
65879
62821
21605
36445
39674
96959
49008
84083
25545
84949
32907
60737
61736
77891
46996
1179
90936
65595
50622
89169
1489
34741
89864
8935
22192
66692
90990
88431
88625
34932
81648
87515
1323
86721
1239
29799
38703
73862
80138
33624
52701
45341
33480
55460
58131
60894
86299
24443
11642
28390
4044
2381
8800
72651
47058
60765
97652
98807
70943
10896
13215
56783
72337
51633
9715
52937
83203
21021
26113
20888
9084
35606
45388
64631
19860
49411
55187
83810
52310
27395
60659
73928
48706
62339
69727
88118
39629
70695
67605
32080
29511
7160
95776
41602
54084
47934
20320
48916
3537
18780
12062
14230
22875
69591
23986
32611
73905
73283
89292
48161
43355
6858
99563
53716
68828
79549
45828
71430
17871
63211
68572
52917
42586
95502
28903
41475
16756
3087
23176
45723
27756
27125
90169
26134
48153
98556
74186
24019
86048
20625
99490
44639
20493
8869
19945
55931
56824
68055
84272
56177
12734
71446
47475
98922
54917
42051
11917
47968
58106
10653
40428
27068
99143
93130
56928
21810
15320
87505
4920
50026
32875
66075
80092
51403
5645
16184
62534
6524
92914
76303
36082
33581
29832
71070
74396
14946
55984
58142
95296
29747
69270
40236
73796
29624
31597
31934
64812
84333
33417
34870
82623
48785
6012
60737
16397
27755
37712
8062
1249
6073
92547
48422
65523
76289
93560
74938
33822
76443
44782
97189
10264
96017
84685
98969
60420
95157
48482
64851
9524
96197
56174
50025
22172
59701
8787
73953
49538
94226
2249
28421
11405
5192
57459
91536
26408
37577
19183
56917
78228
11219
74404
24773
66615
73619
74892
72598
44593
877
56011
69237
46062
6124
20699
52762
36834
25851
33041
81762
32285
51824
97157
3424
47138
53720
57616
99816
43819
62376
39442
52616
68930
20127
42653
80584
89761
2723
68309
71366
43815
90206
56398
64787
64079
98722
72434
47813
79953
14705
94137
63379
69487
89762
77007
9414
96513
15189
85536
53370
18373
64801
42592
20567
25791
84176
70683
21959
23811
11341
9738
69663
12427
32102
68850
53985
79682
1588
22314
74040
30069
6329
83672
95631
3974
55142
88147
30600
81761
9199
49359
29272
37727
30800
36487
49067
47043
18177
21636
86412
61132
95642
36908
73579
53399
39990
5713
10330
26170
45116
61159
46224
46595
88127
53540
36071
73981
45606
4816
62400
97693
46906
83410
86298
10416
5697
2759
10259
91175
72861
13280
44427
86437
98578
75335
71404
45609
21904
15966
54425
27943
49653
87926
49880
67005
79490
6705
66405
43633
97836
87163
76907
48623
65375
43991
99304
2648
31538
36443
56233
82455
87765
6275
72179
22033
76256
91038
51786
57520
23343
37988
71644
53814
49427
31827
1067
95777
45681
95044
68313
63569
98052
43847
31022
17888
68672
55092
41832
95591
12533
76332
85368
9081
12723
44204
94628
65215
71826
11440
60177
16687
53313
35564
5195
50202
44659
52626
29671
64240
4922
39910
7945
1745
57131
60154
74146
39850
83721
72407
16622
77458
46513
63468
97760
14898
11520
9216
21351
7022
21565
15956
94404
62770
87835
48976
38200
7998
81223
16758
94356
16905
62518
39035
2380
45148
38229
65960
3209
56153
94092
7197
63455
22500
24934
74375
46107
8666
67498
11143
18000
90354
97446
20367
92931
30460
21505
13117
3086
67413
95705
25514
22890
94725
82712
99391
6495
54583
75167
98749
3626
42598
33451
67525
99319
62191
99794
72633
84386
13682
72477
67330
41937
64813
15143
2515
65707
20417
94077
56082
67080
76021
54487
2278
4662
43571
11434
32766
84933
4222
4938
74344
69356
30241
68745
86177
43433
56984
75729
2775
18838
38724
95616
2044
54555
12843
86921
4800
33320
61782
52960
41178
45462
99613
38683
93352
12528
89023
99836
57113
67490
87618
72004
88994
99533
12759
73496
38609
51117
32678
51494
26210
48650
47804
3962
57344
66886
86839
92372
85174
2032
63031
95886
92617
81947
25032
96652
74092
70644
78208
37695
23161
37654
66994
26897
89134
40272
1604
78458
21772
64178
63647
4223
11404
59567
92927
42476
67550
7167
68784
88868
83642
9550
31186
29144
12478
72901
38511
1139
49763
54223
86044
50474
11699
15404
10354
43668
14311
17871
76302
31588
88661
21813
67742
69468
82374
9268
52676
44549
90238
18383
56229
59384
20708
29593
81277
71073
10949
32051
91724
29422
23563
24846
21313
73476
31990
70703
27451
74592
67836
51979
32206
52977
9084
8987
17018
96252
87288
80394
75129
46424
64988
16324
36249
11336
34350
46391
91309
61573
13234
51121
25333
72069
78645
10798
38169
575
58269
19182
29302
77888
30895
73227
72072
73355
3346
9559
15797
29107
24979
81476
37768
40910
33142
25693
46108
90200
92075
2075
99358
13692
1185
91970
71186
22556
24836
20965
63605
33126
76651
42005
58014
31478
92409
32983
14333
44911
96794
41696
39563
41318
16231
69079
6880
94192
12006
79071
87494
79429
90355
57089
42357
58796
66593
14028
20302
68488
64735
49032
63762
65341
17718
19415
22915
65786
12786
38320
78608
46948
24292
87533
6802
28368
76495
77780
4726
91646
88612
19569
40603
52659
6361
15472
5826
53320
18814
92374
30427
29805
84192
59682
12604
32867
56583
57934
15186
59606
61651
40618
70536
73696
47478
95868
11895
1720
12429
6871
94892
65835
13718
48462
6591
52331
31026
31873
49712
16232
56167
72989
89207
23810
51956
22931
25596
4938
88666
8640
1386
24949
13551
76246
64326
77756
80858
58074
38874
81229
34354
65488
88717
40923
45347
37669
42587
79200
96142
71903
32315
89648
70119
94227
8546
77675
3254
34075
69426
74475
60145
71458
4919
50263
60751
48309
39173
40080
78827
3203
77653
16785
55882
47805
85642
89567
77903
91225
13253
43561
8939
82382
12141
61012
58361
64155
68583
73983
52862
96788
77104
7629
99811
31161
5381
16811
26276
12157
38997
23307
8132
97601
4494
77225
35302
13537
63753
38704
36819
58779
94413
90080
30239
64497
22581
27876
39213
81968
21492
43313
82681
3616
28315
28346
12956
1201
94404
11354
99349
5703
62394
98695
56808
92412
21846
3002
69299
60414
40405
14380
17139
13277
97300
39549
2292
99155
23450
54051
85290
58874
45249
88852
84282
56209
98238
85097
66990
47084
63037
18846
62125
61858
7750
28992
78672
1085
21645
26321
82845
81558
72294
75165
29012
38281
29179
28709
47943
84770
95492
51430
1796
62496
27023
16780
47046
68409
75953
28358
47475
42564
60446
80616
47504
52765
68351
38665
46589
62705
55710
94911
46673
81465
23626
86074
68251
69036
45872
19144
27524
42340
24273
99169
77667
77923
66950
80845
57806
40659
29525
86291
24620
35226
23535
44224
43477
5166
40525
55841
21791
22307
39456
84730
79910
1645
81663
79985
70737
32193
94732
41193
77642
50275
24627
58481
24981
96682
31926
64555
79665
53000
83628
57458
55080
42422
6074
86242
27124
7217
2164
44802
78035
83221
28855
80117
40385
4418
79395
91601
96380
93397
89027
85532
73192
76006
54165
11007
54452
61100
4435
31598
17533
17922
20858
71313
97448
92417
37068
79493
51513
93171
87878
93781
59039
64828
54687
13280
12849
65147
76557
72265
7031
66383
88523
60009
54820
42550
41097
67824
54127
7989
43160
9773
76476
66686
32721
18376
92129
37422
4096
45498
4374
92864
13887
30195
63391
36676
20547
43294
52362
52304
18065
7239
95956
60283
55866
91286
90889
71873
74066
84048
99477
94308
99782
86806
36657
19098
30577
29183
36362
11245
53237
76160
36987
36015
36833
82656
36675
52551
43438
50891
5914
65623
65708
25269
25137
65380
58051
58390
58176
67800
40330
618
86955
15610
9511
88605
26524
13625
48823
86848
20354
93805
89471
24969
40830
69645
52180
33963
12836
27341
79406
73375
53192
14062
42324
94730
43549
6469
83849
66812
50072
63060
55090
36628
88033
83341
91660
10725
4660
97912
8790
38808
22062
85223
52303
58018
42388
27461
4036
28182
91461
89257
97956
47655
29387
77877
48894
11750
16519
43545
29426
91646
52696
1428
90845
43880
95059
20066
82554
74827
29615
72852
21569
30183
30823
43434
74563
81676
24568
24414
92207
83016
9564
6753
17113
2516
57302
51912
48200
49682
76272
61098
71914
76726
4230
31384
78727
40820
26220
40336
81088
79369
98565
3963
90289
80832
49753
19976
79610
91861
53727
51731
39697
28176
42540
98346
99145
71967
4769
24903
51082
44882
20539
14974
50831
2765
95832
96724
91611
18321
80533
95081
87011
8699
11649
65201
65392
69762
61648
95923
41002
52127
47906
375
69203
11874
36717
4589
51525
47074
62969
58602
26357
62499
94415
57824
77860
36422
35989
90037
83160
42157
95003
9184
5481
79447
625
12055
32983
13248
1305
35278
54635
89275
49450
3040
45018
24179
86226
66269
23335
81381
65855
81159
63999
12966
62270
43164
86909
35372
31452
60592
65342
58231
16185
16282
15628
60811
36383
95707
74815
15188
98163
20060
43909
76794
24627
61946
32196
84627
28158
74664
84830
90200
62350
68153
12752
45749
4853
98706
75078
3022
7041
50000
18000
3258
81793
90362
18187
53346
3238
2688
2835
47100
38389
48667
27795
81587
84692
22342
23583
15041
63730
70379
47276
55500
99631
11118
73264
91309
28917
66680
98022
13201
83484
49033
69634
38517
32330
91567
22502
53169
30896
80130
75542
98459
64547
12422
54478
59729
70955
93973
18063
66989
41871
16590
63315
85239
53126
94092
27608
2173
82772
42013
80628
97626
90615
43477
8651
17815
76537
79567
51068
80811
50156
96976
49452
19166
64994
24258
59456
78230
45280
23595
316
10484
8198
65588
5880
43583
63400
32420
67398
10243
38168
26308
68834
66492
74348
64648
7041
27208
91511
42672
39421
28102
58541
63711
46845
88997
38384
55433
74661
59505
95994
3211
25462
50399
27410
29455
26778
97253
67409
62599
64791
9327
20599
79972
54982
51822
86021
96160
73403
45833
44115
18698
42629
8294
82550
68957
4282
9763
63308
81295
32785
75576
32384
17320
9148
31302
62004
173
30076
59237
6670
89999
41162
10291
43147
10435
75546
43398
94821
15981
94975
36650
85391
49296
8300
76473
65370
36405
19309
26451
87443
52666
43691
45986
51907
39504
72958
19920
2587
53440
62156
32807
98329
97629
27837
54998
12366
65868
35993
91980
59033
43279
23698
47521
77960
93802
85831
98602
87938
49864
20485
19330
68476
65240
16238
3826
84579
55486
93996
35940
34227
5251
4425
11766
89308
81243
70435
87536
53001
46476
97593
31095
11203
77633
89802
62898
12752
47571
34178
27013
6004
20950
59656
79129
30629
41160
54599
98230
48826
64587
55999
44202
27104
91516
51841
68645
89609
6204
15617
34001
57777
19242
39700
46153
56755
22624
88999
61150
61691
49624
23282
38840
93582
43334
64963
34556
85216
90267
70626
9597
21315
74966
75170
45516
36103
98406
89433
5208
86978
89178
33183
49919
46574
97781
21462
86230
40958
20871
20054
41857
58563
40888
61560
55553
75771
70482
68605
90071
46523
29012
98272
7671
76369
62303
67816
90295
91916
6212
12302
37062
72501
61193
87160
36046
16845
73226
49479
52315
74827
53789
38020
6199
57814
67959
14999
60626
54740
46556
52193
39240
73563
4940
91261
37930
30862
20913
46645
7569
52210
30356
50305
61006
26839
52637
61081
20558
26406
29791
97066
78063
9923
41617
43952
1115
10429
16763
76202
29430
90417
81912
2454
64665
33034
81681
42285
98715
63816
92915
39304
38441
82867
55488
1235
79949
21772
95917
64001
88826
38160
42650
50219
52266
29319
75317
88297
62578
2150
165
41999
12942
41887
87734
10979
10240
32803
91883
37753
91217
74525
94300
34197
38724
31800
60940
2925
43820
42005
45428
85648
88651
1011
7325
5077
28919
3664
98091
71097
33987
68713
36087
21368
12650
52394
1064
82067
58902
93192
54739
309
51931
66441
59926
92087
44183
82771
3633
33868
38868
76665
40156
34136
4342
99511
35856
75877
92513
98339
34491
66715
8017
82955
32058
37762
43582
77365
2911
8650
77419
97561
51626
70949
58609
35154
22527
27940
91765
4924
48897
17819
47622
54828
83288
62671
63634
66639
1900
99298
20585
3091
78264
37014
61692
97622
58829
13253
46702
71607
12306
92643
68797
33013
34585
73735
85509
11379
89813
66200
86643
65081
83439
41383
23571
95996
66910
64123
89742
15960
76350
45619
91469
31251
10368
52812
75822
38755
60719
62286
14138
66891
91404
42882
7322
16280
19761
44300
3064
2180
34838
69548
10240
8948
53610
48226
62357
48074
47175
43313
56930
60413
81038
94786
39133
65059
53574
41251
3766
67290
29583
14600
11776
99233
17798
5502
14082
65030
10212
71261
21293
90721
36479
62282
83475
29578
9072
1547
83893
8935
72874
44891
65764
36500
4665
54236
46718
61856
34852
5309
15648
20312
46917
27441
94346
63055
23886
84863
85593
27342
74582
9603
21737
53377
54632
80200
29077
50871
3679
48414
40159
92514
99379
21765
18132
72246
58134
39448
95461
25568
87848
96284
56626
38909
75272
87856
72840
89873
30510
23767
58278
53685
98598
79779
82787
43033
73785
34846
29313
90197
44110
49097
17527
96410
48844
94560
69431
55783
70694
68018
17393
11906
16187
20660
81833
89425
14082
33039
61807
61198
96475
26324
19279
89856
60629
43156
38035
83840
16525
34461
69507
84324
30338
22825
47069
45444
84000
13643
64832
2966
35266
26785
55591
76364
80232
98888
16629
82959
67125
84832
70022
4412
53900
60400
48935
89207
87847
69744
89
36983
78189
90212
36018
69187
61474
40115
38541
37468
31650
70076
47529
55961
14394
61533
9363
94635
75271
41868
31679
50963
88877
39093
10983
27429
36276
79523
94010
56594
95432
48623
49666
55008
39806
70682
33460
88358
79491
17620
57534
35212
15753
14908
1120
36195
10024
58357
62417
69589
33060
80705
66111
96269
46571
84030
51521
71909
35360
43077
32623
79501
48163
30074
97887
2176
11521
62809
83417
54950
66959
73235
20847
39415
57997
63473
29022
55263
2441
14268
86539
74001
85146
96223
84775
67189
69938
43877
68459
4891
50360
84565
15481
32487
21374
16968
15654
55956
76599
22098
74541
48196
99021
97253
8058
96362
57418
34580
6386
94422
92078
14008
76392
89259
12390
36314
71213
69859
27230
84227
65932
49180
99410
78759
13821
4257
1087
85124
7051
80707
20589
52887
94847
12091
77858
30900
33702
87872
21530
2033
1233
43392
2757
10188
23001
66825
49099
74509
48459
8591
63582
76740
89593
11693
93883
92176
60476
85086
29268
48565
78209
59565
92727
79034
73105
48381
43531
11934
60651
90015
71686
37702
82829
69779
54099
21680
45416
29069
5685
32616
56537
81705
62367
18448
23254
28338
1115
63621
388
82689
12738
97435
22793
1111
72972
68175
22145
36570
18964
24772
33496
3793
82247
84952
60026
26840
44997
69491
51633
83970
74810
97512
19375
27198
87106
20170
18672
31993
29170
2915
73334
66866
85899
6844
99929
27730
43591
30190
82705
76716
72422
32783
29731
51889
87798
26588
18178
28066
98883
12744
52721
35618
80206
43858
75264
82764
33372
57428
58110
25827
86789
46132
74729
20988
55094
96207
75750
38928
28168
43967
35452
24257
99678
24066
48633
75913
90644
50703
33927
8503
73175
24400
52392
86813
87957
41176
54795
74528
5062
19013
85229
60290
36668
62972
94137
39631
55152
27657
38614
60193
13587
42843
5753
12909
70006
96882
71860
29321
5975
99323
41251
57940
51026
97885
70606
19699
92048
1165
56937
39652
7245
55051
5711
5682
83799
7700
68120
39096
49073
14609
2510
56829
9628
22441
37149
5304
85723
3220
38601
71117
61488
60425
4278
7173
85507
88785
70390
43567
43256
18241
10793
81678
17302
38187
7274
50691
59849
18873
6902
53111
13823
14816
7514
50457
35786
62132
50965
70612
5936
38436
44734
76751
11344
68872
4845
28695
55474
81978
17642
86684
99359
9875
78420
14300
80796
10485
88843
34225
62765
12745
2528
92974
28106
22014
12470
94763
55273
40351
87530
71
78675
51256
71095
13636
2143
94332
85750
80415
97194
92781
58358
17965
78163
10434
45944
25078
2762
81589
4468
37452
17731
52755
65155
62946
83836
67961
46368
27957
91929
83228
80095
81221
42344
86490
24265
15733
19167
42949
61890
31082
91351
77063
40561
95756
31712
81296
55133
43681
26420
47663
67631
87405
2199
16730
31585
8763
8515
11975
67093
18174
63802
38341
20277
42786
96617
62565
47429
79682
5895
19598
97191
7335
83413
2110
99000
89808
91072
51173
78137
93729
28950
87189
20161
95892
4810
6940
7295
14416
78843
54995
18225
50023
14853
86752
3144
53780
3090
71092
86530
78806
72698
22670
92364
55957
88225
77406
27324
17833
3031
62734
33776
27552
55868
38901
5133
58582
66882
34480
56439
36276
89198
844
98885
66261
7021
56351
64707
65356
93454
23900
12833
59782
45217
499
9094
68051
35020
27451
5499
17019
65907
35180
75686
96004
88504
83332
75150
44973
50845
15609
87072
61925
64379
32684
26665
5926
93248
60160
9194
55826
64177
53184
62450
4535
94718
54995
86133
61720
71270
21197
35795
73965
37109
85345
44226
80332
82218
77897
82266
9459
39394
58274
19663
70482
3861
11945
66622
93105
25882
50054
22159
11346
15650
3825
89502
87907
90754
19991
30250
6626
68209
90565
61730
50612
174
5957
24725
41259
51109
85050
12925
63239
10250
86702
17834
12506
31618
72123
22060
16538
56977
8671
1871
30235
25484
33125
44283
91220
82549
13692
69264
5208
6791
46804
60861
19748
43421
94085
34135
40810
61217
82940
52673
39246
93921
84640
47848
23421
70261
36822
56223
34547
60846
94391
15855
37011
11854
23471
83784
17574
28778
12599
87987
69908
48362
51270
21058
54029
25520
97931
32676
89790
437
305
92397
20781
37943
36492
43436
57770
94582
46452
96475
90126
52571
66832
1358
48921
88358
55826
80146
70133
20646
6715
53736
12281
86090
72724
51785
50947
48002
90352
55550
21764
99229
32525
47174
19587
14855
12455
81520
66688
45356
73230
22103
45755
65924
13200
87343
17142
61543
18958
94706
57096
39969
59260
13723
47834
97916
80447
89192
81515
93597
47918
45885
16452
93020
67181
47578
50667
21713
80854
4147
49328
72939
85464
79995
48946
79571
71327
66129
44607
14822
61736
52901
35114
14801
88881
63261
50399
40841
99960
20063
51158
18370
1101
18236
32998
24469
49807
23241
29859
96505
58612
67326
23770
26256
45270
35364
15939
13114
16466
8100
78498
61614
57570
40693
65268
34140
2576
78738
51633
80951
61624
60197
65446
43868
67095
61194
67537
41210
83390
59479
81325
55683
95573
75473
84576
86411
17219
94635
3138
48732
56345
19052
19417
97614
25445
599
65886
69527
26659
36897
47071
48995
18758
34857
18854
83161
25338
18588
83970
49657
37085
28355
10216
26490
62422
87487
15452
83010
8579
86137
52300
53960
7924
23588
24470
2251
81004
24752
24673
8323
62449
14252
7805
68145
67614
97861
45112
40833
97252
32579
43592
85394
51193
71283
63599
25520
84878
97149
75016
37419
69635
75142
59817
10518
45986
33212
18637
18319
54874
94947
79601
48370
18426
66382
21064
93823
40203
901
45061
99024
2018
37549
17606
39938
68327
86847
35042
59563
84223
6668
11921
22761
47825
21236
6819
29392
61113
65240
73567
31691
36125
97171
77962
5538
62859
41623
81999
71270
29190
33468
69449
47294
77078
9999
90344
94148
50846
8999
41524
75281
47036
78727
74713
31
58525
42570
82637
49318
19161
49789
42196
65026
14295
52133
59241
21930
99045
92555
53644
49045
24712
45748
38591
98674
42259
50200
5797
8997
22881
67592
87715
26282
43925
92807
15476
40990
87769
18125
32385
81531
2748
13530
77100
26314
67345
11606
92333
3455
67780
44587
78479
320
88922
67556
89248
74727
38298
528
45222
40900
79419
65971
59685
59918
45223
67646
6485
95668
71858
46172
93543
1079
37375
14260
15777
97834
30537
83944
37305
29544
19969
6755
61337
58739
98942
43572
45550
88408
33328
57194
77155
24138
63699
31332
56656
31231
32858
15292
72041
45657
32845
83519
96066
70766
50892
89561
63611
73626
99936
85485
72008
99098
9647
8579
83682
14934
53053
19026
99813
44341
22101
67349
17708
20787
12616
30645
67402
51112
4355
57014
81244
91043
81200
64113
73551
87358
3000
35558
57743
64053
26433
32855
6153
79339
12190
64501
73033
251
93221
90546
49691
59720
90795
9542
91418
52378
32187
60560
69661
66714
43330
59845
25706
17668
69025
35906
36894
4907
64057
47848
78880
83862
60684
36539
4255
82686
22621
25412
97552
14023
93012
9181
8132
5513
23661
34114
38724
78616
52163
92490
51452
37941
81944
5185
77896
63912
3194
2723
62774
14542
11639
53957
89580
92323
39447
86692
97543
80990
16652
32221
9109
23303
28000
97143
16948
41159
58844
91801
94049
50729
59474
43719
70465
9417
68931
6100
89189
25129
58049
40654
48176
38528
63172
82574
90094
36273
55834
27564
40847
27349
32960
87444
36429
90193
73721
95852
84604
44701
64387
85276
81818
49993
32954
58851
69387
86850
88012
19558
58707
82536
86964
73714
834
45707
94915
28856
53614
46072
56780
8999
88140
92933
73199
54491
72196
16867
94282
63096
70928
13875
25143
91505
30858
65393
15948
32980
62396
9841
50964
47490
96353
65222
18845
62656
21123
60145
40954
79564
85052
70095
72937
28223
87794
67816
24840
84401
63346
85454
41144
47707
49876
15917
27535
75574
12773
39008
34521
90345
86783
59561
90809
53184
1679
66822
65098
87434
76017
67727
83477
58942
52870
81085
51867
76967
88052
21631
43525
59355
15016
43182
90941
76627
28904
77279
28053
75067
43753
15981
32139
82209
91302
78389
34638
32136
17065
24006
24765
63931
86229
28008
73363
21617
15073
46106
62499
51921
83416
29741
95365
51886
67601
31762
95523
9079
21875
82632
22605
9269
1611
27851
52022
42718
26346
52640
36448
81234
74620
81497
48351
36840
32079
89542
14374
3815
7763
2945
85510
51743
64765
63203
11263
92461
73746
94442
96618
46329
86717
83629
98297
33953
6911
5921
78326
88414
20092
39457
61586
5583
78386
6187
20035
17067
10652
34527
9714
17637
87435
95549
26328
77386
28565
18423
7776
24384
933
77725
64142
68782
22695
6349
6729
1768
74234
15974
65549
49145
62732
68879
61642
39953
25122
44152
86444
79185
44448
90506
30784
6774
75632
52682
12824
52826
2263
14667
42145
71818
5807
69347
1980
60940
67020
73681
52183
36146
95248
83963
42805
82995
73711
85436
14850
36808
32652
74050
81150
80402
48405
50214
78604
56386
87502
73856
63426
43911
58151
10604
68551
60346
82137
62340
79373
1448
42390
24666
91141
23883
49585
13316
45388
37819
86769
29323
81651
72088
81446
48258
35094
95532
46544
46020
62626
89767
72784
77718
60918
75271
97463
87802
25334
77282
8136
43139
86619
95588
64212
46833
24854
31091
84286
56371
58375
26585
75368
80474
33022
79227
37089
2142
30882
69328
85486
9126
76018
48564
8867
85709
17891
15590
30419
254
54517
91505
90990
88305
18928
84476
58832
4490
46691
57188
9126
90177
26708
57051
49372
18202
82481
32780
96968
56538
24654
15158
10515
77143
13542
82465
95116
18999
3509
77224
13410
31416
91346
88487
25578
96017
51565
64934
13569
94264
1334
22716
22571
91799
49080
22532
29050
53178
70468
53454
43977
55976
92442
36475
65118
1824
17331
28254
54410
39790
86159
49133
4415
37074
9573
29337
38231
73328
7698
61201
63611
92210
16728
68875
22907
76385
7951
85860
51098
52062
61274
75610
95434
30638
59718
5901
57961
82813
48317
23107
15986
44584
57744
74615
48874
30467
11392
92993
59325
60800
54854
50319
31237
65350
30466
7680
99339
14230
48661
90157
84795
11312
82352
63412
85622
77272
94083
88633
35783
80647
27913
18998
38798
53210
921
28579
58383
7809
23732
42602
84841
2203
46364
84290
99723
80361
16043
64379
12245
72576
22206
61853
64754
40142
52731
8557
36431
9477
79227
3384
17500
86637
42627
13302
21048
34257
97789
17967
70839
43769
46833
64867
74759
93791
8710
6566
6556
34033
4120
10063
47926
49975
52018
59428
3996
6346
22455
17367
50164
3600
8987
33209
85713
72630
40220
20930
49795
44778
31729
55331
44514
96152
79305
21031
13312
82601
21521
59501
45039
19018
98636
87324
70236
67800
12938
93533
93911
3576
50663
85145
69219
52864
97122
18460
89036
69438
13114
92386
25274
98038
9329
17757
68486
19904
36016
6491
7832
7853
65127
74581
39967
72461
81687
67381
73333
43445
7738
71811
97804
93676
74658
47235
58463
56090
62413
23641
26151
50376
69552
86449
86434
97894
73585
63436
99341
55018
63561
91874
97727
46704
18903
3374
6016
66251
33131
76028
72074
28461
75713
70058
70685
92778
64805
56996
82391
18353
23754
34606
45799
88802
17396
52342
75600
57843
83950
11002
36656
28117
50209
94484
83373
71655
15669
54736
11434
26019
11035
93887
12268
93275
13797
29042
7332
43565
55012
72528
21892
89899
63344
54366
92931
98567
3912
93654
46808
73907
86570
54241
44480
15857
11963
7853
87534
47907
63926
96470
78744
18566
5652
20887
10867
27417
66588
88192
2222
98679
87198
53091
21290
18462
56293
34210
18191
89633
46496
76792
77796
71357
31353
18793
30645
29499
88309
38941
77547
25285
89682
24134
82384
61191
21901
80853
44913
28560
62915
98151
93308
20518
6555
36473
83944
3083
95548
24833
78904
68321
47217
41121
34049
67884
54237
8708
22280
18433
55945
80588
97536
76545
46980
20273
50725
34250
10132
64539
90507
83971
8838
27731
61111
12420
27070
76183
68833
23315
51549
51276
40991
22647
81705
44390
40564
25095
26467
453
42388
22605
17393
28467
18261
58352
56720
1300
12656
99754
13262
48834
23611
44907
92189
51084
41083
17393
59778
49314
17014
84604
11272
94292
77601
69421
76160
21739
89435
43579
27734
30769
55356
68062
62626
68002
60808
835
6899
79554
95703
44276
43941
18791
35752
52645
90614
13044
58193
29888
74463
51693
98566
470
25365
45808
22313
7563
35035
20161
93160
54884
97758
81761
77672
91568
20587
30936
45851
4712
99389
11357
42140
50083
49887
22745
7175
65297
76813
46062
65704
87359
18304
50580
79057
43530
20615
21348
3285
69252
7372
45016
38996
6478
38079
73383
18857
74641
29965
85763
80106
67775
5810
34392
4149
73513
78167
53471
71888
4551
26818
90665
46414
40247
75140
24235
32925
24756
68797
5426
42560
11192
73407
84672
80972
66861
65374
41539
32197
71182
83866
75775
68755
51806
24133
43439
87257
79453
23364
48116
76836
41921
50779
87557
81120
99869
23391
70919
1133
10161
40935
66763
11563
9820
9422
22706
95399
54852
73107
15605
29276
99729
78432
15557
7651
55585
1121
76603
21571
27309
94949
37059
43244
9286
96424
26459
5793
94022
75166
76840
58535
26625
61078
62898
83623
22691
25647
63247
44475
29394
79844
49703
44875
85773
8903
98946
31468
2724
823
36795
71675
69124
16769
53164
20208
78716
11556
13912
38624
84713
65066
2938
32878
66915
38271
40887
86966
57995
61345
55607
53812
19192
75698
2129
7562
96986
50460
73139
10808
3738
5392
83013
45707
53398
57955
96424
77112
26947
50173
26635
41380
36424
35134
77624
10533
30805
87685
38049
77289
19830
23579
18129
21278
85259
63400
20113
20921
41560
88976
90820
16663
72021
20669
60278
5048
87618
52866
38320
25753
21167
597
66696
2411
69639
32628
86168
99044
56702
56324
78908
36970
30410
66907
21097
85714
66603
78926
43636
78998
3362
6693
15486
7514
58015
31933
33167
51303
29041
87634
528
60888
31528
8033
24346
30309
8122
78981
36148
85747
14949
65552
54706
30533
47809
373
82732
77389
21584
86120
27462
27293
98849
99103
43264
65596
19245
19554
73528
40923
31014
21391
46795
35939
73774
33995
86433
91231
1397
53323
2979
55313
92712
2371
81690
76955
83685
3673
97284
63485
88842
58569
46471
15309
57252
83121
8391
70063
94204
29260
40130
73199
15521
34360
59869
78571
99848
76860
17665
32328
37082
53198
2657
99096
26553
34523
48485
3920
40542
95829
52456
70197
84983
40365
70276
56247
3361
90367
14871
54950
8945
33983
43996
41284
97191
96209
3656
42122
66633
39877
1695
52841
38690
85215
96343
38881
59890
24719
7432
83593
55453
86962
50517
18062
75676
8126
85999
12438
43088
33061
33186
325
66170
17829
77882
37718
39690
19144
21856
20122
61035
48764
30733
65075
32267
64261
82231
70419
79
9694
55004
96627
84252
13498
18042
4277
5755
51558
44679
81174
91228
71348
42829
47026
19378
19724
69977
1555
6898
52015
62959
9884
15899
92724
71747
88478
14735
72441
95598
7516
42116
24910
81118
95259
68895
92080
79224
36579
45526
52330
77688
97009
41756
17551
80600
78036
23860
33951
42755
52935
15678
78398
84045
29549
30404
48061
79284
52722
21798
75849
17027
18016
86840
87631
89594
10246
12778
41537
83293
81815
41497
91434
29607
1402
88152
1986
75126
1667
59544
95639
19825
60682
12430
4695
21084
24245
50754
93929
32591
85700
3889
5692
71350
79146
76795
25352
955
92027
93587
16185
54092
56056
92884
97165
25359
46855
98372
13010
49383
69406
16662
49050
417
49762
83854
32687
60868
44655
93299
39133
40647
11914
4505
90744
50257
30900
12717
92911
86045
20536
90466
88787
5574
98182
22562
90546
23653
45114
6833
51930
70474
12849
60903
76659
4684
53263
3192
72733
27751
31843
16888
73257
12118
52909
80759
92071
88860
15289
41252
25988
42896
34750
12306
4513
5158
47549
77005
38626
37402
44960
24123
83571
73687
99501
35175
27734
64072
56923
8956
17629
49557
1381
22072
23656
66426
17643
99876
27547
8091
53168
78918
30702
31214
47822
94785
47835
84544
16667
94925
93582
40463
14583
59639
99609
2696
88207
49400
77642
74028
56697
16694
22406
38833
20199
29872
33316
35704
24562
46660
13758
55295
16854
75684
53060
44807
96103
83940
8153
21764
41164
36517
73276
92245
1584
59388
1903
83593
11630
55634
84088
65721
91460
12442
83846
85706
38004
12161
58172
75395
22039
96223
50790
78586
81419
7643
87906
3333
84562
67998
7314
13860
53659
82502
40101
2664
58304
13691
50806
63784
7585
32707
9619
58171
5246
94584
41879
54650
66082
51751
50446
53801
89745
22541
1764
3934
37770
72256
69189
78708
75960
21848
39366
70513
67740
75911
83115
24353
29908
95992
79699
64350
84071
15727
18947
28334
95703
38253
24769
5020
67804
31340
66468
67626
35068
60970
89018
74434
39456
70272
24452
10367
70387
67047
44644
48232
36515
64860
31814
26134
86691
99562
43913
60773
83809
85660
24013
68196
60580
98374
32293
82100
77806
25300
74904
55105
74795
40672
6509
16978
64924
98883
82559
95152
98996
84073
92346
79739
19964
361
36705
11594
65689
13838
91439
48734
66007
83155
34478
49009
58901
41374
42076
9234
56596
89598
48753
67413
63367
40492
39219
84660
52288
67827
1922
81722
58470
56880
2996
2125
28065
60359
36019
12380
78159
29849
27299
12224
95173
83746
70977
5739
24048
51945
26101
37947
16232
95659
14526
32992
76461
33527
58707
99275
93907
76566
81837
67136
57749
60065
3353
66603
28800
40784
86415
26309
59792
43946
61362
6621
27305
94687
83926
50506
92525
78506
20141
5175
92924
79401
68566
35165
6351
68639
40881
21854
56816
63558
15110
98188
36289
81820
58718
27455
90068
80010
13441
32476
19220
79347
81754
11856
46955
84343
77079
25992
12677
44400
5302
35464
56215
39159
40326
51901
63225
16834
90023
60245
61509
27365
71665
75305
95163
66278
62135
19136
65941
92678
66826
40855
92054
81818
73660
88871
87296
29000
39019
19932
96172
84893
37170
91725
69331
65444
45092
45743
53960
86374
55648
71712
80128
39335
91586
95653
10522
87464
37828
46868
1179
27156
4872
98160
97849
92344
54061
30357
76856
58548
91037
49358
38520
24666
41653
83290
65299
22814
24806
33575
71342
24939
97913
57857
99125
40967
11195
77169
38619
60620
61893
564
77023
35014
75490
90594
68325
95499
71244
5330
81869
94396
13339
75806
93849
99716
60128
8730
32380
36615
4102
80847
13062
27861
11400
41094
18654
85055
45568
88870
65526
11907
78895
51526
97924
86975
91039
5460
34082
74899
29376
99767
76767
53306
46856
49579
67282
9405
15540
65866
9055
51298
25183
19725
99160
1416
93986
51736
85219
13017
89776
40077
8565
62385
87752
40656
84965
18961
25188
29732
70115
52533
94845
59947
44131
61029
67689
67843
70230
38201
11223
35952
58616
74186
18608
75156
24057
65630
27081
51762
88240
69651
78226
56704
68573
34150
22419
38966
43625
87557
48718
45302
46310
16783
21448
11306
53886
50549
300
22440
85646
27902
50406
70414
62826
61063
5063
86483
95308
34129
34057
88538
75346
27767
77795
29531
47752
94456
27997
67934
99315
84108
3972
11813
16983
73535
96180
17611
1158
89498
75090
51245
92456
49327
38956
91179
70636
44860
7504
52608
80242
10158
70544
61235
26551
89981
73315
99692
95433
50060
10324
57394
34539
41282
86608
58214
22601
6760
869
13044
18288
27636
42984
11874
7023
8247
15158
39682
53618
74210
29226
25531
38795
75046
86047
37078
49079
66398
98219
58312
65315
17552
13869
57944
25894
1713
10699
43345
1992
30243
90395
23589
72515
12865
15850
82159
83638
3711
92740
1662
14612
53813
44153
8151
21078
77317
78757
74058
88008
25829
46759
82173
73654
35202
41878
63790
44569
50215
64872
3005
79240
91222
35593
24377
86229
22721
11502
25665
28797
75640
38605
2139
19667
91809
38467
53318
46879
10766
73868
98087
65330
15912
75219
312
84223
6364
56402
627
5153
17081
24452
28030
95302
94106
64139
99682
41851
50693
47710
39463
36001
10547
98423
46365
19302
69285
12924
4062
64344
42227
65228
14177
27327
86508
98356
41561
78491
96394
52495
9372
78607
38510
99346
14065
74924
26283
94742
28707
2777
39867
7376
25965
39344
8341
73845
59725
9737
61151
78663
87738
57580
43282
91396
40571
17154
7627
33420
91197
21845
44824
36360
81900
98964
20809
91096
13946
10957
8068
27639
13046
61335
64232
11571
45589
39910
42750
2591
13157
63915
93531
65217
39531
21686
14307
4212
59857
25482
65297
10327
25214
30992
69417
6757
65600
2470
67776
42795
63054
70457
55857
81313
81429
39023
71727
28651
81823
60127
46394
9598
92225
42567
31566
36643
25210
58087
8904
70645
99022
42888
88166
5795
84880
99204
8740
99547
57992
74453
12127
90963
50414
82333
59758
2642
64637
45245
60931
91537
22982
53374
95601
57472
58711
87290
99000
41645
91035
55767
60526
71072
32440
75906
42186
30207
41269
1240
25017
41899
14731
53016
18440
57705
99360
39035
89796
36314
4467
33487
6419
96089
26425
65347
9917
93830
92732
13849
62047
97505
32766
70143
628
18270
23068
87930
44986
41431
83466
7099
85719
95256
58944
9504
87974
78126
32059
81797
47487
11713
67213
66287
74761
70116
78939
77297
27910
4531
55430
20475
17377
18136
29873
81848
8805
82916
18214
81912
32658
76786
75260
1342
23742
2368
92840
12996
13920
62543
65558
92504
20310
13356
82633
96477
89628
58975
86904
44592
33851
88510
39952
76199
62699
23616
77793
58224
78648
31434
23887
20206
63301
27499
41206
26231
82049
34065
25079
20785
52871
37628
54426
92405
41700
58865
71354
11096
79507
69234
2661
30225
68215
95967
32139
33530
40513
12039
88836
96620
57973
27289
81647
4288
10101
24546
28539
37027
59802
35420
47027
73036
93479
97359
73410
60531
17412
54050
16268
35395
76210
37041
29105
25846
78119
32517
97231
40654
67545
12938
20721
54437
39065
22911
28111
20391
99697
72581
23131
42338
61845
82071
5225
97162
11307
54155
40015
51726
34763
59001
66817
27090
49211
54894
60215
37675
96190
37067
83350
75731
4244
34044
8733
72030
94110
98800
74619
18976
86113
61073
20832
58496
95625
78666
63925
88487
52105
38478
52202
27814
53193
83491
42731
46166
16204
73260
78881
4909
76272
30130
62767
83663
64816
80830
95479
77962
48380
99142
56505
99495
71836
30106
70864
645
87343
54368
49428
38771
9886
97029
36684
25148
51283
61528
74265
1369
93012
76577
85339
35380
30378
52272
75421
92918
47418
88844
42488
45758
46331
58914
31660
48639
11560
31037
71045
87165
27224
45855
53843
76472
43173
75213
29667
79529
34277
81358
78310
26737
99569
31364
38719
54580
35569
55273
30498
81091
99704
55651
66932
77345
6291
21715
94485
42880
55989
98088
23270
64961
90967
78302
37854
88758
76158
26456
32198
44944
67819
12025
32927
81805
30861
99261
74934
17283
48588
23983
22354
76674
12947
78992
20236
82813
15445
26591
30165
30639
59808
45462
42124
89762
83854
92573
57532
86875
94152
73432
76846
26597
55305
97238
18231
39405
64506
22185
47040
2001
40556
7841
65045
60390
4857
51645
35515
94683
9167
3972
29531
55449
94996
6102
68578
45369
20884
53710
66217
78068
22352
12796
58183
81966
56852
13288
90034
89464
13460
33143
54396
55641
96513
33237
53825
90217
19611
89048
80101
66775
69281
89333
76441
86963
38464
22480
17496
9646
32236
37804
96415
95422
95845
15238
66783
78638
80554
64696
37236
4567
38260
80743
40109
41114
20175
12744
27133
42000
72926
23812
74625
7590
17136
57407
11871
68090
36821
89361
77162
18991
25450
35129
24231
96782
49395
76628
759097776
41142
32789
81440
8237
81792
20435
59431
4271
48511
37464
56378
89118
72438
1068
21417
14389
11424
52045
24414
87899
3729
87219
91563
34382
76855
11419
59091
29859
86251
15237
7632
15742
8652
85044
55563
53154
85574
88001
97670
34
32868
39509
57066
86018
93168
29122
37016
17709
80361
3554
89793
26828
84335
4735
67841
59158
46978
55390
12808
51151
2132
81680
99871
29316
35215
37700
21773
65053
38882
21587
50565
19254
36504
12086
36921
59312
58688
6717
5726
6688
2016
13053
90064
49243
74951
22082
53273
812
1119
25918
12991
99192
87056
69644
17100
62488
41525
88288
57772
9900
95889
89223
27462
60076
85474
63076
66366
62000
56931
93598
67924
44826
15138
70044
41185
68092
67560
55452
6041
96542
57145
28072
43151
64282
52012
62778
54098
50631
66925
31847
13956
3363
73100
82225
14658
43154
82417
50823
12732
51746
21571
27830
11752
57011
53968
11951
40955
4910
75727
56840
87855
86159
79172
85951
30064
90164
42451
26970
45821
97694
11190
57390
89483
28456
51822
21215
79920
80447
69441
73258
68981
98229
4062
66764
63716
20213
88227
35055
86962
40585
61556
41806
17209
414
32218
17264
89469
69016
7071
18184
27342
54612
68953
15674
48039
43610
9414
64844
40646
31680
44300
35252
29351
14886
7888
56628
4520
2119
82434
68116
66275
41582
12469
79603
75168
64460
81391
53005
68234
71669
52239
13734
9131
18789
45908
3042
89875
77357
3646
70653
26462
33849
66733
93129
59863
48100
51849
32509
83314
70718
54762
18066
53795
71590
3045
61228
89103
47974
23591
85706
10769
10749
18802
68116
48648
84610
96760
63727
79795
19839
1216
23870
41597
79472
99370
310
19336
49248
47518
47340
72718
28474
91412
67452
91379
13377
97909
47292
77129
84171
93513
2502
57669
90607
17171
64063
88272
44392
59061
34290
41492
44181
33982
79698
15121
46269
72546
85042
41011
99572
38078
3382
70634
96008
35771
31330
27874
28525
948
84386
37228
87950
70085
11856
89022
60255
98268
12668
44072
18061
71016
35366
28972
8475
90062
2290
44073
20871
48926
40694
63787
38404
26725
43293
86973
27647
14707
74217
15813
77587
53247
70735
49611
92116
80891
91831
56863
59264
91724
54550
32462
40154
5689
18075
10310
79072
62074
27021
30796
40264
63369
44429
20974
46078
84994
5651
72198
4254
19853
66323
36176
58017
90967
86091
84490
21895
87455
70905
72308
64209
2828
73904
51538
26266
42645
50258
59702
74511
42014
20496
81725
33543
96749
2993
83524
79170
94413
93948
20805
44246
87254
90402
60877
41123
29215
3697
95654
75610
40449
31380
66664
85202
60623
26285
49431
40149
73423
55759
99897
27297
80354
80279
52782
75649
68068
46119
57365
18705
44746
70935
21523
29739
36049
24974
70376
70786
36577
44320
67258
29182
90406
5669
86705
23669
71151
29384
36992
26702
7960
90536
32673
31804
83070
54332
559
14961
57399
23645
23093
82610
45221
66969
23975
38007
81852
41122
80575
17381
41910
7750
70532
59784
2424
4338
82652
26175
1752
9028
49298
8060
37337
54623
89144
8271
64207
5571
93850
39238
34026
63843
77908
79224
79210
31608
27192
40610
95707
8176
88253
74941
6746
48905
43549
58225
3330
52918
71547
34691
66619
7256
24166
67808
13365
62774
62835
81275
35591
30368
98032
66245
24827
50646
1513
87555
67200
84556
2402
66925
29363
95028
79058
1633
69531
65100
17623
39231
42053
23431
71721
73487
91156
53266
91488
73853
36688
94145
23958
31802
55243
68466
78798
64511
37756
96485
80977
10975
75440
94067
38533
45867
81563
37242
85894
69876
80657
50293
76880
73
85
29574
46991
32107
80134
46000
83202
92770
18261
22721
23123
52319
63173
88796
60338
11884
46431
46715
71223
86519
42503
51191
45837
34616
95008
84654
28220
40163
28644
16807
46168
25425
66639
26225
47402
33073
53235
26459
18901
63120
99482
7677
60632
28803
10731
80203
25211
6683
42643
99646
1902
53267
72324
85311
24881
58166
24463
45112
29554
14642
66840
22845
42787
48657
7379
24417
1594
39514
35086
56530
33708
11364
14741
25633
70119
15462
17448
2008
13501
28269
55013
44890
34257
21772
36240
4743
45491
87460
64922
40865
7036
4043
8170
94011
85415
70670
6720
54700
72459
20244
64039
9432
71261
28842
84497
18578
40667
87468
82225
50874
10709
36075
98327
53824
90712
27870
13399
29341
24680
78776
43760
59500
61437
10028
74475
8027
91128
29439
24314
72907
24231
99297
2867
89837
43733
93991
84637
74084
49159
79751
63240
97418
138
3681
21053
65886
37137
76704
41339
86508
77569
62747
74005
76660
66734
53643
64628
49553
89547
31029
75360
8646
18637
84370
5478
43215
42806
53046
60659
60091
80659
18073
33767
76194
96363
76045
50315
98827
7389
39381
73285
20165
5468
52023
72515
82011
55747
63237
89091
19438
8395
94562
70656
81951
97400
37620
75052
71078
8849
8772
8647
46020
21058
44211
18244
23289
37641
55770
55762
60546
18201
66348
54108
6192
34538
31715
51832
44986
81476
1561
92012
24223
93591
29645
32871
22606
75586
79634
5390
25753
87742
7111
43820
4778
95206
4413
15136
82966
46101
38859
54423
35063
95335
67409
76766
41310
35560
27380
52050
24655
47489
57289
91603
29761
23479
21864
46046
86300
40260
70413
8761
40857
14882
63737
23439
82699
45335
29650
36713
90247
19791
98713
8290
28921
20503
46746
76293
65927
73236
15197
97970
86839
15389
42370
92971
94344
92807
46719
97495
33687
13673
81046
27046
89059
6584
35245
5292
33808
39691
30494
87572
85884
63165
15215
29157
92260
71431
89871
65726
88416
38458
66828
45786
61421
48300
15040
96791
85934
43635
11979
76613
14390
44306
97072
66237
96292
19827
59807
84376
91670
24828
79146
24391
20101
13697
21480
61314
17195
32269
15677
85304
93524
4213
91589
3342
95740
21988
86203
40182
86341
36757
89960
73951
19208
32630
5960
94289
3013
65437
16657
49267
23995
58372
66271
78708
83639
48212
76679
8661
79212
81871
19482
92557
17870
71722
56549
97793
62174
37435
85216
12359
22921
6246
21010
3462
30884
17414
50204
11196
5250
29198
71532
8421
23202
63640
38487
71942
87535
47079
13185
1003
63911
18957
42218
55494
50440
50245
33229
74661
2497
37801
28382
39664
46602
78656
16832
51750
38421
86172
49729
13445
24377
8117
9431
28142
21091
85968
60255
33358
7750
96781
58495
89779
54520
17913
84588
28480
26291
69831
813
47272
13415
52340
94328
45795
23963
62186
14875
73119
69194
93507
11908
30636
67005
95945
14523
73878
37219
26030
81422
68390
29221
19654
74552
73168
51996
89653
66161
76960
73088
54774
4396
34444
10523
23652
58601
92774
74602
8239
234
44104
53997
18077
29318
99017
90515
7938
80628
6848
5624
95781
85805
10799
2766
83634
59823
86549
10524
24368
60403
10792
56670
19047
18919
89942
39685
93159
66747
79954
55594
36754
20322
15430
16541
99448
70522
6192
16451
16542
75491
69393
98374
73952
98369
17320
62284
98030
84214
40936
39762
55783
22619
62628
63758
42818
67669
17802
20458
84011
72986
59438
96172
64666
63406
51347
74371
81991
12267
38547
86701
97103
1338
37536
28354
98558
47728
53628
50721
69352
94648
73061
74606
93361
57798
54815
4751
93993
54615
76977
27145
36408
79515
85699
87699
25287
53489
80753
53090
87633
56293
20362
22115
63438
46468
99021
63947
83344
9414
58522
93055
68549
63699
89914
15948
84506
56270
7958
7174
89204
60132
9819
27435
97994
10679
76947
45390
32090
50478
31377
69531
38128
30044
96794
40898
95458
8626
43798
50974
21172
82788
46160
10511
70599
7032
38940
3457
23117
35700
98023
3001
22585
55944
64942
75951
64973
71365
81633
63867
69903
19457
73057
10592
80962
46454
68325
55494
50257
60275
30054
2956
45300
96308
27273
58721
50798
95952
90157
54276
31572
36771
31401
74722
42714
19685
23229
65301
98779
88584
80815
37807
96585
96109
52529
75470
42886
33328
15990
7964
92884
1113
43238
44594
20701
9118
78498
58917
23317
96693
96704
87955
29491
22391
76631
82138
64588
92528
31172
55496
27791
11895
56536
74453
1583
30340
55830
14030
8414
53514
8068
19269
7569
19927
63224
59819
585
10042
23557
56974
29357
79181
86043
59708
87655
21665
94565
67357
73693
56844
1785
11426
53940
13963
93249
98392
43471
61526
5684
49155
49452
69220
33438
9810
65847
16593
13376
8766
17501
21616
76092
17950
55795
52094
29038
40607
10221
47688
6259
96618
77964
82260
92027
59563
82611
81362
99239
32714
39914
46563
76736
28259
47689
85073
43426
91009
98856
68056
83931
74535
19872
94661
57126
350
7202
42561
63348
62266
69605
49376
83125
43022
5611
7218
78845
68117
3073
23400
12519
63812
65580
99999
77417
81265
98022
26700
78765
15663
24756
90145
36827
6138
87417
70602
75868
62795
31174
15463
24667
77934
83203
8950
48208
8433
83868
74329
31961
85714
69318
46115
76153
46352
5825
43016
69691
76955
81825
29506
66867
61939
70160
54298
94151
27648
27806
6090
36449
4296
54134
17415
19372
79789
14995
4906
254
96720
9079
98029
99896
25375
77589
84921
28799
95764
61767
17587
84857
53450
52930
76117
64876
53625
84208
1570
39022
45972
23635
49797
78839
51564
28233
56920
71511
7623
31864
41854
33854
9190
45683
86431
86833
3017
50327
33447
18922
32998
81582
51227
11602
70577
6012
9033
8630
24705
35184
14472
4674
4523
44926
80135
49870
31813
32620
62220
90116
36132
34372
80711
75174
59381
54315
27492
38942
7756
55027
67891
93613
32971
49805
69531
70614
87730
32348
86626
39378
65332
49529
59256
40706
69172
67608
33561
97640
61921
59662
63463
48504
16081
88304
90962
56272
18651
5873
33161
89509
51817
37619
7019
23622
9578
83018
656
6229
18416
42761
83355
89396
89525
64149
58843
100
38999
56602
81679
87612
31403
80769
7275
91589
34773
36082
84721
34977
95023
61066
52247
46652
98772
56171
10512
84314
4050
67256
74509
6989
23779
74721
94114
83894
55491
1297
51808
57546
39832
85922
65217
60457
85952
76899
13746
60939
48987
61654
63819
26652
61780
63294
90299
3504
65681
70412
40817
11630
57168
34538
56561
86938
10511
34423
97729
11991
48179
6478
58710
70672
90524
54089
48899
82202
10664
35761
25441
69898
40739
27246
40785
64965
16218
75124
22130
479
16297
93080
21196
20273
32082
65213
20458
18750
1379
43763
68025
38093
22056
72142
40725
72099
64772
85473
1590
29004
69260
90284
73464
42846
25590
86563
62566
84885
63055
53482
20436
89013
76799
85022
72745
24788
63538
74845
86318
12844
61022
33885
96217
22342
26086
47432
78358
89242
37951
61639
64088
54257
58955
18578
81820
48365
20973
60340
54180
76167
76895
73283
56693
13897
84943
55736
68421
75226
91450
86369
56333
8605
82018
72250
34039
28465
31605
417
34155
49551
24940
70316
53770
86706
36342
6694
25419
10915
96079
87065
79420
97852
92885
83311
98848
2415
87183
90193
42513
1306
42339
26117
30576
8432
15863
73674
5263
53848
42584
61051
90206
63225
90092
58157
27714
46960
42246
45276
83032
30536
82724
25415
17467
26776
64193
53511
68889
19645
24757
46982
20911
45452
74608
77705
20199
80753
65178
78454
97532
748
52393
23988
17795
43524
64534
64167
15223
27135
7963
97206
45752
53413
52178
40996
33695
93754
13765
61914
54219
65448
43199
18723
65196
32675
28243
88083
45844
48302
52764
29096
50069
64151
26817
87431
11932
55891
77519
48758
50887
7187
92065
98697
47602
75127
98346
52003
15922
24735
49990
16893
74078
65405
70389
70545
17070
29814
41511
62210
90881
85758
34437
87841
84929
53447
96513
36703
15487
90337
97881
9881
42759
12556
64127
62545
15688
34531
17811
82920
53573
46776
98049
77962
86855
37080
89186
96839
59151
73139
91348
47840
22482
8407
90834
6421
90483
71422
20827
36292
30671
3827
30744
67703
49017
92576
29958
37807
43561
57794
88502
95897
85085
32693
85408
14126
48924
66117
36840
40925
44803
78662
66339
12671
15363
89877
13868
26226
54295
81029
27090
23151
29468
39461
48149
57441
25736
63427
86313
66427
7882
98491
79872
48181
79221
65651
67098
13238
22692
52434
51371
21807
77575
71730
15932
24099
77633
28712
29736
63149
27504
60419
77227
17650
3452
18501
68671
57785
92555
69847
38864
76224
32409
7050
47948
81227
97444
68187
71189
41538
4170
68873
33511
4457
94481
46068
30411
83325
32738
35423
98165
86101
13788
46331
6240
72917
37497
78225
58728
36384
10179
78590
53141
24647
8130
96280
10969
43891
21414
78907
78734
50306
23111
78376
90790
4954
77150
20673
84676
56543
74870
20762
9632
17098
86739
15436
95649
59386
7762
47559
60557
74979
14915
4025
67414
61732
44672
15307
45767
90211
25415
91459
93318
79924
80512
93744
49916
43315
54725
513
86685
5795
8404
38737
31848
58927
38327
53903
27854
39447
81905
40714
19127
17382
89560
43452
1048
9529
9725
88346
50543
49999
18249
59189
66077
17713
62858
21681
55998
64018
2254
88181
15528
7946
2430
61923
45392
64661
88807
1874
49532
73656
32922
18269
10389
27104
12124
13844
29554
17715
65904
29132
70193
4902
72579
15943
91908
2859
82843
92531
18514
70239
25419
28199
59021
89182
13432
56113
73821
59664
20870
98252
55735
76777
80495
28100
19453
11653
81091
29115
61758
26903
75676
29842
90879
7554
18210
14138
28587
62184
81524
97098
36231
38821
32150
42806
38972
62994
88821
31090
85758
16763
70628
343
72393
22813
77713
45522
50296
77337
22378
24347
85201
4786
85947
18393
2138
30252
57109
44318
31139
47910
49161
69398
51682
91077
4916
31169
4305
95782
81992
91144
16682
59240
59717
61134
25294
98855
44300
41021
27950
59265
28283
74228
3645
91657
61514
46267
71760
82118
78108
2541
46018
56768
55226
41650
35803
47984
99651
7538
28356
36544
64012
67872
76440
64042
74107
30189
78329
54551
67001
56724
38507
21481
54193
50910
64301
61124
38793
38642
88559
26168
81283
78273
91848
22531
49554
19619
73835
1132
38474
23173
20158
50489
37822
83529
71534
60885
20321
89516
65854
47063
51894
34066
87107
10008
63141
65724
77827
57658
30702
76709
12842
68088
3297
10603
50862
86228
73593
11547
90931
94312
43762
25131
18907
52992
92801
24466
29357
81158
35323
1155
41427
30888
95936
87981
62911
10787
62789
24109
68734
77624
75058
43274
57475
11108
77340
97922
4946
37884
28892
96425
71911
78714
41559
69101
84228
34618
17947
40102
76041
76569
52446
29378
49913
47220
76087
9306
82772
2459
33903
97756
97497
9129
50430
56715
41922
12712
82744
16153
52846
17662
49835
70636
47460
30342
91405
26897
73397
32590
75463
1051
60314
82690
3638
26069
36182
82266
18908
19260
97400
87194
97050
94863
38742
16324
87164
48919
34281
20646
89607
72753
93190
75287
8530
39364
63570
18078
25222
86076
48479
71827
75614
95053
14478
81493
39960
99809
74649
43890
45041
89067
70358
17276
79751
30782
31292
36669
15136
33970
27497
45225
24743
98291
47594
719
22178
20254
18515
62873
85358
98691
40345
64360
59866
68876
6079
74847
78256
58054
68111
57802
38762
436
99482
8675
45511
63211
54181
2484
77890
42061
16253
95085
51877
6328
11941
48240
10750
26429
28948
79506
97840
46210
31323
66849
35249
575
10098
51941
9970
90087
41886
72433
361
45502
22880
91415
95445
91939
9217
86007
91655
33322
72044
94500
7851
36371
48943
6028
51509
80650
945
38749
78538
64424
34675
41158
55886
57474
21936
36677
53942
8657
12165
68802
22257
86332
7064
13929
98547
27795
89169
61571
30054
58151
24425
46073
35655
77842
96939
29154
93802
57029
57502
86228
61792
83129
55670
68696
53655
87365
41162
65633
69987
20728
38822
75995
64304
95557
79780
16358
63414
21703
10859
75909
29537
88044
6715
16045
45900
56446
14953
79010
18979
74877
38618
37664
85806
69132
70281
96953
54722
68019
51250
83692
24085
62785
64539
1536
27278
56774
32965
95733
81002
15199
89040
62763
7892
76830
24460
14845
58491
94069
18937
36391
91916
50344
85530
37523
55948
50705
18768
62473
78892
31511
43852
71606
35111
9665
37493
28044
9093
15882
68891
85803
17236
65334
97260
45524
20492
53575
21448
10350
98433
28837
8543
3952
21104
17719
67563
92378
78081
20742
76158
70802
35153
98021
94348
68416
96184
40520
57744
24766
53757
45922
8825
72224
36026
30213
66577
56690
94700
97915
91245
75382
46826
67134
70281
93830
22296
43914
75711
85483
8205
36888
41418
71463
2451
16812
96838
49757
46610
2082
8819
82760
94234
13206
34754
36447
84852
97282
1759
57097
46969
72388
95469
85383
38270
34531
24584
32595
68996
3994
21379
22095
62353
66794
18208
34929
34313
51040
40613
80575
21030
52962
33890
13755
38628
34430
37605
47478
13850
3068
79657
20304
49296
25039
73865
57247
615
49875
40640
49918
55622
24473
18563
58309
94172
96566
42899
39831
18578
61397
69001
59108
59070
46806
16677
66440
472
22851
13767
5898
62372
8315
22712
815
46790
83884
98342
89308
60723
68321
72163
11665
94964
59579
90579
34652
46171
83955
83615
97873
21271
8261
82006
48545
37918
80019
45089
65122
33247
79099
13281
62024
55885
65294
29327
50499
31578
42884
28451
94816
14779
18192
48847
37255
66910
56129
51411
94236
96967
31997
21928
19570
27907
54497
91932
63154
60617
29613
53324
76060
75352
87086
9935
42352
33498
27094
50789
396
35423
66845
22146
56498
94217
7608
79216
94681
81437
83724
34162
27777
65239
98264
97735
52971
88240
68751
19781
59725
89588
48104
24029
48714
7220
99954
33367
19174
45546
82360
42199
98042
92728
69853
16455
6142
73628
51749
25591
90197
25708
9776
32706
27071
92685
38385
47371
16262
69269
69313
8016
35137
15549
89350
77742
11522
70364
77643
81675
69380
60580
99630
2797
62168
60804
10940
42301
15723
69420
95281
66005
91985
95555
92787
89869
51027
98286
90284
91874
38403
9040
29360
43711
38185
37267
31660
64790
11861
23619
82946
51998
48813
4011
71383
95991
63905
52608
14267
8526
70554
73323
8127
16580
12795
57273
85826
38705
51103
86124
40923
54526
88698
13451
39241
34258
43760
24286
25716
74826
77145
76533
53744
2142
2343
63547
83086
51712
510
22020
27319
48481
93949
85981
80166
9315
14860
4984
81280
89738
95490
80246
48685
42283
58171
87832
85809
13129
35607
18672
19177
15577
11353
58051
4464
61606
77670
30831
81402
84407
64558
162
50998
13579
68063
84068
40180
85027
22436
70431
47346
65536
33451
79451
30828
44487
5897
54498
9575
85732
51084
91803
65096
76697
67861
47919
9885
26140
36030
96468
45637
35647
27704
32332
19085
89702
82672
76269
87966
88514
86784
73278
31456
26238
5463
20941
46834
7576
27509
14969
14079
99977
99309
68845
13949
4027
49596
89447
26799
88410
10181
91860
50678
58534
88092
77453
12495
31479
60043
53822
449
45645
58370
99129
47992
65615
68386
3271
35602
75713
41967
32202
59663
53445
79274
99528
75864
84587
84373
81151
25494
25699
99895
4620
67888
54628
26271
36228
69815
58308
44463
990
52444
13069
99631
3979
78787
16910
765
96925
17314
36667
52047
58072
30441
79571
81051
72778
16626
19657
68557
47483
18890
68133
47446
9063
23619
91303
60101
31075
38117
89249
60392
93890
87468
97583
79103
83093
69002
44874
76724
57874
6419
12807
72788
69918
17752
44390
30207
57492
39288
25998
35850
13890
31873
86479
81241
44886
82554
35828
90885
13566
92932
55022
27342
72537
46605
881
28523
57913
1547
20568
41653
15482
81938
68493
48291
77186
7753
73667
8593
51711
77390
29672
5440
97880
12736
61709
50649
50907
54572
63012
90104
47676
46279
29750
26350
14210
86748
90681
37411
22794
60517
65778
59141
67785
87922
8069
20380
11138
22383
87516
27543
31144
56028
12719
69068
65425
66680
2009
19014
72474
48217
53054
98843
62035
30064
25643
56187
16800
57869
48100
36706
28926
12074
87429
1551
52951
45393
93357
28777
10670
21303
11462
49555
45906
1951
79933
5613
33120
59902
9152
1877
35249
1964
69209
13269
94273
84815
86153
7007
33081
21889
48130
20909
47461
90022
21587
39052
22483
36300
31922
50657
67073
5172
33274
31927
23062
64322
77930
76364
4053
60515
99406
9847
58271
17961
57652
31221
84925
72380
75234
46993
55933
79120
30392
31030
17170
854
22737
19145
89060
22652
96063
2560
48858
40234
48114
78960
49939
38559
35475
51281
37368
66918
86048
17377
15602
62900
96307
34784
67368
42975
76136
44821
47741
88145
12743
35671
99367
84712
76392
84259
35015
14670
14134
59819
96024
55505
99980
87312
89958
31855
91359
99443
86894
66925
89414
84131
46558
61335
25014
60593
93311
40018
29965
93611
99498
61464
96020
32124
22911
94986
18536
2176
93755
18901
77616
17553
75458
53206
97523
15701
4659
70860
50697
2841
13598
83920
61717
81123
88207
19923
93418
45898
67102
22040
10697
63489
34660
40967
55295
57748
58838
3170
96625
8782
4627
17459
56012
56358
33838
27005
59527
12958
95752
54196
11254
79860
84631
33899
24350
47261
87854
85047
52361
4831
42248
1402
13379
94153
84120
66440
57827
4894
77066
68272
86674
82417
46418
39662
32170
96695
41618
1500
94513
63112
79427
57307
5069
48568
43623
48331
82816
15234
20196
10812
90107
53622
1615
97264
56411
5306
33425
74719
65000
22291
43395
61756
46779
54711
38376
19144
71608
46573
52730
57916
56775
65890
51059
81687
88095
49171
89426
30249
56336
95263
27398
62236
91717
18989
45573
80262
92029
90530
24626
33495
5803
67190
93729
67731
79028
47305
348
99237
33819
57374
58509
96108
97578
21906
47616
94623
45945
20660
95447
13737
6166
53488
67566
43906
60643
6345
11559
73224
63832
25872
92582
18834
73712
50278
35896
61199
30415
19514
51836
17211
75427
93603
98896
43216
74594
2653
92339
51563
58983
30327
9628
75475
82941
31847
61764
60355
82270
78175
47498
34811
17777
84028
58354
22307
45172
81006
88974
1281
726
12472
43036
70494
63707
50543
12197
57891
9820
4285
89793
5429
81208
53643
35595
43781
57867
19557
56887
40625
46685
96779
84995
6613
4308
71411
33402
21351
52895
9385
31947
26302
81019
69573
84366
63412
12282
46853
63252
54882
83384
18662
83496
41687
5924
35709
38667
46100
44065
57744
90870
24282
25839
28051
64210
59895
34735
81073
91875
19978
47577
79133
55533
61476
34939
53426
45079
56170
66494
33680
14771
30921
12029
63002
85581
88240
21782
57025
77967
75060
18899
85561
7328
66075
41796
87794
57931
9100
71289
61249
76612
40672
29288
61297
37588
37627
86580
96864
19687
82266
58060
84063
49133
45618
94205
30683
50120
67107
86625
94696
68131
34262
71717
3595
20839
53671
19017
68983
83163
53153
66007
25269
56894
38191
45026
99639
68779
84250
77797
66151
17726
90715
54303
18981
88966
90342
18885
77125
37759
48792
94027
65384
72543
15433
18578
12227
67875
11472
85180
1057
32125
17553
58153
87359
17419
83580
55764
74684
87888
97334
85664
59234
19442
52594
33421
65901
29647
13357
32237
23779
68841
19605
99575
13635
73043
23701
49674
1743
97696
88826
54886
94917
84604
36891
55988
6176
7514
49909
46218
10899
85415
31762
52788
77027
16437
46158
17231
35233
65976
67353
97164
91674
90520
53108
13185
78418
83650
63534
65459
76293
46127
9743
61529
24149
57999
28745
82471
12639
68556
49116
97748
25
42756
20051
44761
36555
2766
53061
79414
7086
35416
79324
35096
52387
24382
32671
93715
51648
42015
88628
12765
16212
12238
53832
27045
19798
16046
51278
3305
66247
89775
8733
20781
42577
51719
63563
69250
39231
27147
5069
51829
34041
79447
75221
16655
61719
41398
491
26995
73518
45187
60987
21936
59396
57746
72184
68593
22777
525
74437
74982
93549
938
30788
45077
83634
15885
89348
76730
14454
52970
2978
97539
95988
91435
60185
58102
67430
99252
87456
96138
85121
72676
8184
72142
40814
72965
24521
5374
68103
73589
74271
58881
26816
45977
71572
74892
56101
40395
36603
39973
21220
21423
85439
31275
21989
40838
15516
21003
80336
7985
53089
8440
63676
69311
82595
6386
30878
141
55273
18982
84267
7439
42264
42109
28149
96964
68453
44592
79224
50437
12380
6252
7493
62909
64810
21990
67339
40900
22662
19873
91404
31351
91429
33174
80677
24256
44078
28912
81290
40613
62727
31438
81244
2928
32611
48668
82316
38497
46827
37220
6094
90889
23014
11481
80838
61101
63869
50257
64452
71883
98876
43116
72846
8474
92536
44435
2284
59256
78538
29699
13424
42993
27569
77439
31149
79865
35607
92157
43509
70801
12559
59697
52984
30067
22369
79198
97555
85523
32891
68528
43455
92932
67048
34075
33744
3153
18866
68130
11244
19078
18554
46750
28971
35572
77034
13295
45873
63760
76483
26208
77360
25174
5011
99831
8299
70604
18413
87507
86867
22453
31440
45395
35951
30287
7216
20745
58384
16987
18802
95045
20248
83490
90182
68530
66396
88598
86627
63496
37416
81480
13133
66593
64446
72287
26779
52276
64967
45602
60730
61459
82110
73427
33545
19461
28466
78248
30699
86571
96685
56169
35585
51025
4075
26274
87736
94134
7368
66063
36930
39776
46968
30951
78775
95647
48807
18637
67191
80254
31352
21233
56843
60947
51791
571
88599
1570
4628
12001
32734
40090
20489
20582
87647
35401
25426
68031
68008
92564
91125
10450
22677
44051
83173
80585
51122
39758
95511
60791
44783
34848
91461
28679
21155
25189
63588
15339
41969
12692
78610
19967
74186
96169
53236
76705
7127
76902
58804
97483
43349
91701
36195
39243
17272
51156
4706
34098
86804
34015
63400
7875
17416
62576
1202
36701
39215
53896
36512
85429
49818
45179
10637
38001
13948
13016
30671
29387
25244
50713
73942
58095
64733
93868
72492
3442
69898
66286
83028
58067
2652
65542
61009
10163
69943
90717
68219
25839
64179
14385
71656
36708
7890
11200
17413
71484
38812
37863
67378
77037
73521
76452
50876
16670
95636
70577
61873
95373
8826
18935
46682
87283
59337
64439
39555
63670
58328
1
79887
33196
1284
69740
58422
18646
17338
20060
518
89097
75164
50518
84066
77308
76593
97824
63143
17672
26301
77494
41303
13299
43951
90995
28076
89100
29376
53512
49199
36712
35176
44642
12012
69985
6597
74071
79961
70564
30333
36397
746
52973
83928
4211
59110
82314
16143
54841
13177
39005
67524
60262
51557
51614
54172
41085
96413
34981
53555
23368
53512
48357
87572
15420
79400
79470
14855
18550
14305
71449
58082
34940
67278
48387
96184
94242
89063
69575
44949
18141
95959
21456
12187
79688
45046
75495
93333
91155
47408
19775
32570
79372
10529
98423
40206
56913
29692
57878
67042
6975
53519
5645
44844
88734
20282
55615
64399
63686
86001
84563
81767
20105
44596
63235
42857
66682
49727
54477
61372
42335
87032
31000
25743
27265
12546
59648
53248
53603
67844
4699
47088
98051
69773
3000
2796
65615
11196
43034
39387
69970
70341
98077
12529
16937
59633
18984
95809
71983
55965
45527
60566
82902
53130
56081
18328
52841
11815
62047
74305
13697
4977
18010
20353
74910
65652
27158
46248
18284
40549
23074
30371
76097
52253
78263
29927
87012
66983
41706
99111
82627
80603
53011
92417
8929
93886
1102
50817
65158
76488
19159
21253
38697
65898
8671
2656
90983
92279
68847
70290
21480
56538
68607
91053
72875
97040
37879
43514
27820
4512
18990
93233
7838
37001
47961
63801
22531
26492
40890
79116
68271
6126
28338
19246
44750
79513
5161
49475
72743
48493
61758
44751
17748
77935
23079
59551
66872
16641
7700
54600
89575
93808
20323
25168
67021
48310
93994
55984
83566
42301
73411
77962
41916
38892
62785
9460
23694
93093
42962
31980
44903
35959
73014
73915
22188
18527
87303
92565
99429
29531
67309
45495
29515
17315
49613
65755
7628
92510
48309
44953
30106
73488
73876
21416
7232
93166
2379
47672
72913
77733
38796
25299
279
73064
7630
13312
62889
25599
32210
11283
45440
84421
17510
36680
97283
83427
4708
98738
78007
23829
56979
98999
8113
43190
1447
73643
44090
33356
28264
5343
33913
24509
76844
75349
64281
51549
42174
4959
94350
91998
24453
33440
4510
90022
77781
18353
32792
4661
32365
43711
27689
15336
82502
96881
32488
59838
73099
18198
46928
5519
77470
68153
31239
11701
20813
67351
11829
19052
26257
90406
71881
59637
97302
27133
57371
62551
29521
20989
55867
37411
84621
70756
65385
19370
83254
45586
53148
91555
28615
69702
57369
82626
22276
68086
5788
94170
8628
38094
37918
10500
18589
14398
59525
16906
49415
29314
34584
39366
42144
15691
86761
78756
79058
68761
78753
74331
65119
92940
82942
70992
19500
72175
68334
36892
27421
59847
2907
84217
71129
74672
16759
79242
4091
48493
12119
60596
27680
78054
75564
44045
28378
5378
86260
44773
53814
86523
12083
33993
8902
56271
31983
98278
39156
97938
15872
30552
33400
50892
58089
37505
77810
95142
4684
88072
65616
38888
68615
62063
33333
86277
5833
43364
62610
33441
76396
73556
19335
59320
93152
15753
53465
48733
23859
20383
15068
33646
50980
95078
81095
26623
927
69045
45722
30079
38766
77547
80291
9828
66103
83545
16817
88689
16657
69986
16628
24266
86403
32885
80297
62239
60217
37543
4000
70730
9589
20402
63317
73762
84585
23304
22898
96857
42720
85279
92920
89162
4038
80745
94582
27037
16414
27795
34619
73171
14993
46165
85995
67776
7917
77819
74957
12256
56801
4686
97926
47725
61549
36144
60799
47458
52263
79673
73451
5299
53882
4282
73593
74376
8092
98835
14709
59360
96883
34897
63563
18253
6625
55383
93655
87231
26016
37139
73975
83071
32496
71593
65053
63472
25605
35572
24881
11449
33722
26073
36743
81572
14635
16455
71931
19642
27613
84378
60099
48741
39753
77590
76483
83845
86642
84165
41301
24124
67651
81525
84572
44496
15620
2380
54553
84427
66575
53498
34570
89592
38377
59595
60367
26835
70286
82547
39050
30841
24530
38660
14628
35854
56008
38145
62906
25857
89392
68430
49163
52958
7530
76200
89651
50315
7750
26958
7398
51571
35813
4203
36726
75439
84111
16552
4295
84778
4213
3261
22916
79937
89429
50503
17940
56668
82994
69665
1024
89774
783
36847
36217
65331
38324
66973
19439
87398
87061
99622
60583
93963
12063
5952
63936
81491
13797
19836
59084
30734
49051
57257
14044
44306
9333
82670
38254
34559
40383
99348
91305
36046
64135
86788
40545
52954
3204
89259
66654
96546
7624
91444
87409
26265
12309
3992
58580
23546
89554
36403
71469
16043
78619
33074
14829
15251
21869
28289
12358
53911
58293
58058
91032
57281
45285
40733
68174
50934
82254
92377
94791
36123
58795
24177
16372
94327
63588
57053
23188
39972
28300
5785
26741
43912
6303
38035
29110
23518
71319
17778
19628
56496
37159
78141
25276
85178
47775
6470
45213
59242
95412
49881
49798
24403
32277
42138
45360
72078
59764
54021
51231
54225
24312
13663
16395
10735
6672
83156
15957
14772
7495
14618
67354
40135
87069
46442
7586
22714
26281
87906
63080
46126
19243
49772
40920
16736
3
60347
39973
62876
73492
80890
38598
79397
82684
44875
41234
89273
66428
41725
63737
58906
75531
41653
41507
1618
65206
3223
35697
10022
6824
7413
715
98725
51414
86575
54705
39333
2160
98048
68431
618
79500
88449
23072
93351
32081
86492
83788
19504
84848
71931
28319
3521
97992
2332
18315
83087
86875
82731
44456
92501
64625
1543
50264
46859
80278
18340
36966
44766
21828
28845
81541
80879
57720
22178
48560
52690
4422
15780
89132
97707
44476
2834
30904
35620
80190
91858
14235
71343
57790
57476
44626
85126
95085
34543
19760
27598
5716
43575
34341
38636
21869
92250
63756
23254
56151
29678
76233
59571
38738
61013
4976
54596
67005
44438
76652
25959
72290
81058
11856
2726
41850
97909
56574
90586
85421
10882
17275
6717
43012
73832
33768
22906
59923
66307
12879
77570
98675
96687
52008
85152
74166
62949
47197
72781
63899
79784
32642
66991
32534
2646
65395
57883
99194
29457
83723
92169
65684
15871
51936
84431
9898
54438
65675
95116
79416
61362
21784
24970
83573
48597
41347
61037
79688
91006
83052
96227
28455
67314
43390
13386
88386
25929
6358
42948
57226
85764
28780
35646
10363
95699
80313
56543
64700
14355
58821
99118
14436
70521
86503
10531
69273
24200
22392
70058
18400
47773
88817
69297
41354
88927
66401
81186
11364
74292
11712
43824
98287
29368
88925
84592
86390
48068
11710
13254
80648
8316
16267
58934
19463
82067
53800
44156
1012
58256
60004
69305
93325
26058
11792
22685
29610
28742
40090
50958
68501
61576
54728
18507
39823
72351
20436
89295
91124
40906
31632
86710
18556
30263
22332
68853
8129
71137
82289
76388
81626
39267
35809
86560
15052
53284
89416
33480
21498
39020
71305
88563
70458
46629
97862
56560
24213
22113
41055
73160
32284
22035
1232
68417
33538
81858
25249
32152
35132
31636
34682
117
47262
31928
67944
22509
50425
63732
97617
32984
14966
10079
80587
33641
24200
12588
34454
92052
58461
87807
70259
63412
71894
77240
48749
72375
62013
31635
18717
67266
22564
29855
48741
85011
67910
58078
19852
10259
48189
32736
80490
22692
37163
9087
69175
66949
85464
69825
81639
85290
91622
31269
68066
64713
66213
88724
59959
75451
56639
67152
37836
35582
74601
11566
66459
16410
28529
3996
93269
13559
80690
6371
91130
90451
68507
56844
91391
49889
24460
49768
78933
51535
21043
39843
48955
15702
76191
43276
52315
44407
93933
34838
74501
66003
97461
55602
62406
84728
77445
32619
31419
3555
67120
51693
96543
50867
58536
20028
54257
57867
39597
5885
51721
83204
56246
15724
90886
49107
65936
40702
82960
95024
85682
15975
2096
85873
97130
29581
62350
61127
67281
48726
73566
63382
73483
13203
28145
33464
19586
1170
96304
42096
92098
49174
28547
40385
9935
12659
31205
70575
35148
45699
75508
19050
21568
37088
35444
88309
88661
37655
82345
63629
93920
81529
10806
21811
81710
63565
8328
4876
36183
23588
96656
69914
10061
68396
85096
97136
39096
2949
39882
50536
14155
6847
34416
14337
94132
95112
41688
79914
8655
57963
14453
79654
37592
4896
19661
6453
50560
42228
90801
24973
1343
9167
77697
92806
63783
30220
22427
83851
33331
93887
98697
40791
9104
9724
75487
20682
22392
71938
93215
13144
57345
44994
57858
54445
38275
69591
42653
11383
56507
27613
46000
981
94936
33500
52213
77753
31705
49258
69892
14560
17952
9910
64074
84678
76639
96113
92807
61141
55895
16962
94106
66511
54423
5598
99886
72442
37510
35126
98785
16303
74354
83501
20164
30717
37755
42186
10252
13881
90059
92312
61455
58097
63027
84744
6150
32560
82996
66949
96410
44556
67613
89845
59118
78109
31671
32746
7503
73569
29613
7695
91235
96049
67334
71318
4701
72092
2901
65930
7364
70272
13277
56474
43891
85442
37260
89308
58321
84431
16048
19595
80367
47214
66071
38979
62218
95443
41085
78473
96672
31847
84661
77793
11440
63268
99249
23217
41229
4058
51189
41665
13082
69166
15466
24633
98859
36675
78069
59900
34551
59601
45080
29407
74527
34279
10159
55785
79891
61815
63901
60158
57000
41922
75310
80588
76260
95399
87545
28282
17801
46921
71112
97432
38216
42808
6293
64073
92576
88525
68906
98569
53216
56511
35403
95754
13912
42701
81035
22855
81042
58618
41363
80471
74598
87918
28005
1235
62845
37233
64664
81939
62007
33032
41516
82557
30801
99455
51258
58437
84644
94401
19790
30920
97070
70594
31408
57667
4691
55198
2799
67912
82327
90917
54678
7862
33394
35216
43396
87846
32867
23748
58807
5210
36144
14745
60707
88457
4326
82839
87404
45283
31440
58671
76347
90975
28496
17384
21810
94624
82137
52584
44252
34431
99441
45205
1893
95767
19874
40385
63865
81010
45824
79051
23287
83914
96797
96402
61576
26481
76446
9299
59886
78514
26988
50467
12168
35649
62134
32220
15319
8019
64284
8675
90354
14384
18626
7150
96427
99995
53722
31932
52259
25866
59816
30057
3789
56209
97228
77224
88881
37559
540
36453
38033
85981
38481
26629
80380
48076
77
34129
35222
12736
1492
25509
84060
94456
86885
46954
37245
12298
73409
43391
18682
29579
85057
69539
24319
7457
41247
52149
78622
12135
76845
57478
46287
78843
13883
37895
10318
93143
85934
74703
20431
49752
9338
61020
88602
44752
3284
57627
12241
23216
23221
11944
68680
45258
77116
74552
61111
93619
6065
20991
81001
12718
83417
92878
23952
75459
93229
78710
29841
85299
94813
92771
70692
33846
22721
87177
55219
50252
86962
27147
6639
24651
38800
9752
56965
69240
96407
63371
37246
2558
15049
83265
27642
95020
90468
99763
75363
84929
47622
83715
97321
42537
96658
49136
31239
78357
67991
23494
24815
43871
58474
59532
93164
80561
16824
61736
80252
90206
37316
90848
14976
52334
85744
44301
13717
9078
44730
21428
95448
86513
91686
24841
29271
978
78352
42612
80504
54278
86817
62015
17822
71062
4693
27776
89957
51789
64597
83608
31246
64376
82429
4442
81166
32880
39303
49643
56135
21436
3285
91780
85928
31422
9568
48235
40593
29058
83297
31151
70755
5719
56560
14472
17272
62353
400
93335
31621
43262
41264
16075
48607
58021
62414
18816
86472
56820
69080
52671
6083
74017
70623
15657
24668
14706
41712
30359
73960
61156
61777
28401
85038
61259
41697
59384
94288
97032
1669
20663
44255
83821
37080
11459
17327
30326
10056
72061
81389
75514
86182
50194
34995
23101
42751
99522
61905
66905
106
82040
94158
46489
51595
76114
53535
30654
43345
36295
1956
26619
14101
52491
6485
74827
16850
18260
19325
45085
39254
18352
85797
33653
29935
4998
74087
63097
8342
6062
62018
89092
31821
9631
76225
98168
90526
98416
57158
15838
29574
43596
52838
74854
34468
62479
84265
95521
29330
54392
41262
12252
44689
55965
4560
15356
93939
26871
81883
17581
66090
14700
25763
4330
89921
57969
24004
15945
80580
65711
22138
78055
53507
79314
58370
34942
72471
75248
22600
51764
90446
20662
65674
31972
70716
5968
44640
17768
35397
62093
25779
92688
79517
48044
89888
63959
28185
83862
19399
67517
62345
82702
50305
14968
1720
67063
78850
18722
77611
62773
20188
32724
76480
8794
17960
27546
3637
57182
76947
34990
21644
67443
60382
90715
89322
14995
65487
10734
37254
10945
51932
69563
83495
16565
67681
79770
95205
32121
59646
90020
71837
32990
23424
55587
43963
45560
26227
90504
59396
25942
91139
18652
54263
4324
33408
19682
36641
83638
51494
42177
48262
9194
95616
36440
10923
93205
192
57993
29485
41928
1703
83311
93552
44779
71687
24282
81339
3621
4447
2881
85277
8423
64876
83952
45192
84096
81804
59842
21153
68778
4610
11872
16673
18742
40522
26619
24627
60534
26636
94990
23063
52759
82440
82706
67803
40020
88574
52363
25350
69539
21771
27733
70275
39113
6289
88593
49885
91044
45293
19188
42967
44201
62455
3358
70508
70960
47273
46485
77752
16734
96379
69589
53144
5953
85292
15494
84056
3291
53821
93214
61178
55053
61074
25337
67288
54467
68757
6804
64428
40093
13666
20279
75040
91865
1293
99498
86669
38436
53334
14742
75783
49264
49698
88781
84650
57719
83392
53533
35352
4496
19213
6667
25872
38658
36595
81636
94687
35310
76388
71455
75076
66826
24378
43865
62958
44028
22181
36642
60666
65951
20475
46627
46282
36253
93885
29698
87990
76241
163
59289
77101
23568
87622
59831
60681
93379
72837
18948
57237
54354
26887
7696
75679
49275
11349
80212
15048
41118
56870
55694
15689
45082
40020
9008
44089
79681
41146
92295
5626
6221
23261
571
78594
60124
11368
61373
36118
15741
48038
61643
25823
18051
22529
5571
59416
20439
49326
72296
66666
15940
59091
19488
58968
30299
26269
79858
90496
9026
77348
38266
25974
79973
69205
19702
27935
25621
40216
50728
90406
41514
17571
63264
18587
42581
33473
24390
79808
36544
84046
4490
53658
34913
43688
40058
20238
93775
44261
31481
27215
84105
37748
5831
63843
7483
41423
92761
20187
34020
14237
69275
21515
3455
97187
30869
92203
81729
7281
5627
71613
84938
36423
25295
18534
72669
64081
26308
54382
98471
54824
19449
33245
30298
94747
18650
91860
75325
96577
94797
950
78692
2927
33850
50873
13202
82000
99853
99624
12316
89892
29070
94537
42505
99801
45499
57423
53617
29580
76166
18389
18902
38340
31637
8628
64587
89525
41131
23660
42060
20207
75244
19624
662
43588
96840
42568
87451
34261
7526
89900
78400
12541
58037
32455
2724
89156
30167
96915
90788
97255
59596
95927
34515
98716
22969
95784
3656
17724
20931
80443
35939
58977
14822
87629
72741
45369
6118
30845
3720
66525
17029
60548
90795
25040
58400
31537
72226
22926
86771
6516
23349
68636
86381
89347
52241
65771
81720
25560
75251
30923
84177
16611
18455
49798
42962
575
87632
88595
87455
57508
28347
88849
75710
44357
82740
67936
30144
50347
64589
5599
14957
30714
73953
9714
45196
86700
37579
91088
6398
35105
92251
37676
9842
51461
76392
47657
61229
42912
52452
43251
5944
48138
53469
76790
63180
45258
53610
86766
4658
63534
95800
97014
45279
65528
21358
69548
39143
34574
47776
19977
70140
50945
81885
51860
49453
13685
30883
47123
71489
50581
67685
86013
7434
13117
13318
48163
91949
84078
88229
58788
2455
44402
73346
59976
38210
12527
92235
42681
12551
29172
89170
21722
73419
22407
17679
79670
8271
94375
98910
60971
96860
42195
52451
90519
56365
29951
72698
60454
30470
90772
42060
10925
68432
90842
87952
95832
90091
52227
41337
2777
4488
58194
90301
52683
63103
78783
12437
31760
11498
26030
49298
54965
90217
91693
35305
56651
30763
86116
3842
82939
9040
46861
40973
64862
94265
45150
92072
53671
57041
87352
88026
53694
98703
98524
63522
91847
14259
25167
45385
60363
99618
82609
4587
47094
58164
51649
48174
77880
81701
51517
17975
96537
31493
51600
36712
12284
67993
43453
38648
1371
62148
79864
82665
92629
98649
82701
25765
61869
12559
5744
70793
24878
40945
64744
54947
14499
1524
73559
46376
57237
45462
38366
63417
57922
5805
98129
46169
14141
48868
38392
24417
15337
42511
27874
72787
13666
1343
57627
32618
47556
30650
55267
26649
24316
4275
49944
71922
76269
84050
27874
13309
82768
36667
83913
20635
44620
96292
70725
76978
81453
6561
55387
80619
66453
42130
28424
65829
13819
79350
67818
85679
13844
86227
84188
37153
55965
87906
76264
14104
88822
13920
4700
11139
63258
32184
7460
51551
24524
68368
47405
8394
609
63471
38390
29921
26236
55317
75979
55652
37247
41226
91999
41867
60664
27308
49291
75237
80441
61848
99567
99439
86747
84487
91188
6159
93164
86053
30106
72317
81542
17778
28733
76146
62852
97892
17147
41762
24864
62885
51678
94028
3787
38908
86426
41726
95597
70729
14308
3307
49990
20955
69711
33237
34157
4663
30971
64535
95903
10450
90662
20439
28292
12385
64205
608
87744
34368
32805
60180
84931
87961
62316
87478
1200
66759
4983
59083
68533
16036
44305
63336
19663
96402
75259
7394
93507
43965
63368
68112
69570
43211
87403
36607
46820
5424
40467
32193
16539
7630
11519
61662
23734
65628
57218
11804
69989
63342
63854
75254
73025
34246
39027
85612
48180
86326
8490
20450
92927
20167
24441
84904
32461
87777
90378
76856
70200
4980
22084
44006
72092
80308
13236
75618
9315
22111
73561
38903
33504
16484
11569
29396
2060
43896
70661
4444
10739
78067
13149
52896
45241
845
82521
47279
93154
47178
33559
5639
39198
53889
85553
30319
54947
18289
55579
88391
61332
94607
34856
43630
57891
61262
84408
96130
33112
72243
51517
78784
23514
4340
54234
78152
36291
35451
96228
34275
51306
1796
67479
56088
76823
1090
49318
86070
78791
59578
92420
38690
55212
9257
23608
653
96519
84269
72613
68771
48126
1603
1537
12611
70815
65113
3358
78546
8199
11167
97122
7943
4424
67745
77261
9015
59497
77768
41262
80672
4564
26107
68056
47685
24954
64464
95138
77930
40375
39882
56287
87289
34602
39704
69526
46576
45440
55545
74573
37501
14953
16693
33348
70194
28741
96876
66207
10758
20135
37895
3504
32301
81963
16374
77671
62221
95295
78166
42251
55057
61856
11638
13164
26353
94358
74292
86046
79506
49909
41528
77467
44241
58147
93179
28964
17084
24298
99701
17543
61969
67911
27377
96869
71436
47870
2459
20338
33864
73774
92601
10381
26996
30306
83349
43337
43634
70832
27810
51051
17308
54361
70019
74473
91159
26816
10512
47770
11684
80774
29160
65995
41275
37806
39864
20629
45640
78704
77980
71917
31015
51822
79267
25545
72753
34643
69885
90312
66337
79617
6052
83270
90274
46406
89173
42325
85011
85744
44426
50168
40146
91210
41589
30287
32088
87806
1930
79527
84032
75388
73343
30828
26241
29806
71094
19956
3653
1132
10099
36620
65757
2475
36459
22742
59363
87342
52444
25337
75824
24677
48630
79289
82603
86342
31470
67222
27702
20113
54491
40889
20406
69160
4129
84935
31329
79508
29727
54785
5224
96544
4697
12838
14958
7224
32331
39604
5183
73644
87128
92876
12524
17604
84642
62098
80072
90233
52562
31350
14196
3475
69717
63382
48231
92472
5592
41176
16682
35162
9196
65458
82152
78197
3980
15284
57653
99908
98214
8436
3381
97129
46483
78281
96134
34427
4496
40298
44023
55305
3302
7500
43390
95511
41053
1386
69080
25018
90516
1352
76343
1730
43025
55370
55151
49905
96074
47061
42502
37124
26631
22261
83385
39684
1135
52592
37612
58937
96333
12986
18994
62741
39147
9332
3744
51587
1043
6890
17929
27936
18783
77700
32861
82305
58917
96441
26222
70450
95134
91448
75500
40570
54356
51882
84219
63833
4141
32344
67469
8435
86508
17040
2296
93119
80963
61172
97814
28045
98793
1497
49960
27822
63555
97978
95829
91252
87239
43969
11612
50758
60802
57405
39157
2061
15503
12595
80937
45300
80378
37940
75485
11347
97405
78834
96969
21155
41307
73588
6737
14718
63964
98115
57004
96836
78393
38187
50100
18355
80630
28221
9431
89820
81075
32883
63800
52532
40170
8981
95819
13092
63443
7679
99145
90302
23666
79931
83035
47
52987
7414
13897
25472
29504
19479
37527
27769
77973
2902
50227
30020
47336
6370
81073
11014
569
28168
39104
35012
31804
98320
70556
13408
97362
70203
66032
12289
53708
44041
25774
84551
43023
71426
90184
39943
14012
76933
28202
22699
30051
73548
31573
39998
2689
46898
23440
8863
38102
323
39851
24830
99597
77150
20834
49659
76774
10203
29645
69599
17526
28985
11264
26779
39927
12175
84667
63097
47610
76196
9746
77804
79808
32403
8670
34015
74133
21147
36479
30808
7099
71271
68854
12202
42859
81702
12908
57846
50807
2058
92125
90419
97226
24408
63514
60959
39087
52538
1964
74746
37803
24475
71470
7908
22502
31662
96469
70660
63625
92092
90984
7961
8184
5640
2937
8522
50395
90181
31800
27813
65059
85343
28509
3372
2336
40377
19739
74411
55376
36022
48372
78515
13104
20764
68010
87922
64539
58584
31965
83124
48976
20702
99052
34961
6129
94227
37923
39999
80905
95440
76452
1991
67375
76987
83221
24973
54883
31983
22116
73026
54239
71696
28981
72042
7930
50280
29648
90371
15536
92832
95042
20960
29133
17208
72309
4463
89497
13616
75477
99245
36353
56065
92503
86614
21748
18256
18897
72325
13632
34111
89510
41773
9568
10301
70269
91412
1472
25702
1541
12434
19235
95560
63491
68502
73310
15975
11782
43977
13860
3209
68370
38668
6585
13163
28576
81705
93057
54279
36300
46056
70738
15391
38090
53036
34995
40068
92263
91678
38882
76042
41309
8744
40643
12614
49808
47667
40258
43902
95995
16131
50381
85723
81921
9789
92104
59926
24028
45120
43673
28620
42223
20438
35165
83722
42206
95352
85489
84141
1252
8013
33793
14952
76930
60610
23649
79139
81783
48926
76512
9517
54808
12373
52120
73752
44835
99252
75483
75641
40094
12883
73403
90565
25737
83900
73554
6191
2506
87329
30173
5431
80338
9197
56299
79897
89978
62858
18422
65815
27667
33876
35790
40111
40314
63914
94462
89903
54539
68000
81735
73270
12913
18787
53062
21769
41559
29137
41445
21728
81533
90013
46053
97509
6476
85921
25326
51592
37697
9997
6699
77145
88612
15470
22348
15208
50944
48221
38283
8774
85267
62262
76013
13140
39304
38447
67500
60561
67553
16256
41157
90872
81460
49826
4109
2783
51954
52383
76189
25698
68973
75989
1637
64301
93625
31311
2838
29479
36894
74037
45828
19048
90522
24091
36491
96209
18966
75449
73639
56960
46131
45245
50200
39944
94468
82564
25042
83245
82040
62477
47830
30776
39575
55875
58781
53983
63597
85979
37504
61851
64390
61103
47466
87087
70140
57993
70719
1662
32819
59128
13005
20225
45144
332
36149
68263
23752
39733
76290
59114
61919
86395
85719
25633
89714
27630
73276
49130
85472
22441
6148
76128
15005
881
2368
37435
11989
77958
45684
64549
36005
1864
60217
33846
15336
59889
64780
84103
68552
56881
11884
4712
91792
20325
27868
68502
60781
60729
80023
33574
62279
60934
84408
24436
78400
71587
94468
46159
71055
11247
80088
12906
42317
51544
42965
20823
73069
86906
44034
84491
82772
60559
50848
83822
15979
68170
63731
41474
43143
15454
92603
3849
52628
20899
43644
16065
13716
46032
22529
87760
12393
19831
56912
20071
52268
48207
5006
59954
48276
98852
5581
9403
73504
52007
55632
54134
63788
30509
68531
32101
29000
42623
54613
46043
8320
53064
38439
60315
34611
96352
2761
85066
8486
39447
51708
18136
64282
23524
43662
45353
85615
99374
8668
48535
27712
43963
34679
34167
70063
99732
87513
36854
78073
21799
97067
85450
28501
83942
15103
23543
62638
14335
7558
18402
33640
90647
51798
53905
86848
9978
739
77277
68538
21961
42664
77191
70040
57830
37677
13185
36070
66091
79223
49976
14477
35394
48267
41000
70945
92673
97853
49776
15489
64452
49701
80547
46648
22672
94847
90621
55510
90783
80576
79058
26425
30897
43467
13746
65549
37150
76704
73484
20410
11822
96336
70598
22245
69637
35896
661
4857
59051
8587
33447
31120
8843
24158
22451
39621
46044
76286
45712
77238
90046
29811
36422
85037
55030
78013
10326
67686
87217
20469
23979
91027
55895
76220
6542
41896
35380
87824
54920
42421
93199
98120
1090
95383
70307
19202
38603
69927
44819
62483
23243
8947
20116
74954
66358
63430
29605
28085
54501
45683
78960
16043
31707
23165
54991
19093
6278
2218
29518
98263
83742
35435
65293
87491
3031
18678
45309
92469
14126
75690
34205
31496
91402
51137
53165
32832
15747
29280
57702
41835
10531
32771
54324
22855
39905
60330
39396
31982
28569
69565
24368
59315
18922
87746
24305
13542
73513
41231
67208
38636
93447
22709
35316
87342
52454
52993
29031
5103
80870
82834
751
92147
63226
93850
17294
31890
85839
17868
73356
79138
33629
27056
46149
45375
61471
25100
70086
14703
41925
72238
74526
1457
54647
12422
84565
74525
23566
89753
94946
45654
9052
61371
20480
49365
46247
55963
83379
94629
3182
58756
74656
67875
855
47511
14688
38167
36779
16605
54210
46838
34513
47728
30745
24938
92862
18704
92951
69101
14506
69605
92697
48729
99232
91369
14488
76344
13805
7671
47621
14051
54419
98930
61295
64184
24317
24535
33022
41483
46051
70183
99055
50552
47889
81986
30689
41339
13615
65417
43430
86866
6200
12447
9104
75151
88683
37978
82291
77872
74764
46420
45513
64309
77476
33024
51418
44087
4038
69787
58221
95936
81894
93877
6955
63980
4999
61929
4707
91239
27225
87629
99351
21665
86948
88704
98109
23711
58156
398
7297
33580
10882
70682
67104
92472
14665
21441
60108
12852
90410
77475
2851
94783
90638
43951
14908
50578
41302
67849
90733
92901
86124
15914
16728
73087
33197
87174
41586
3996
15260
1805
57725
76619
75445
32678
38563
3956
48116
84693
13042
5064
14069
75621
57849
93454
58878
73857
86254
11140
97210
75373
91820
21117
20519
54561
99359
47470
42053
45663
74486
12876
19612
76180
87034
83748
71695
51610
60432
35523
34517
77006
72422
20155
52286
31061
3345
52545
2402
39014
71426
99925
76944
67961
67457
63513
66145
42895
60814
5229
90314
28050
14354
75373
84602
18712
75552
63185
85654
83599
44315
39551
34786
97172
60217
82821
76560
22465
18256
45346
24563
75102
8591
97744
94041
42051
13413
62727
54855
89523
19782
34535
25544
10781
66534
47303
24283
67503
47454
47517
15214
75854
14183
29936
81935
47843
9562
86492
27816
80024
70916
65675
56217
37928
98190
25190
56065
13134
29392
94759
49279
84066
8107
58706
39689
8281
48636
35382
48419
39927
65153
78951
21416
4886
37051
89893
95208
45857
68988
65635
18138
33267
66567
31544
52493
16065
79871
72668
69498
63022
48939
50569
22170
60255
35155
78240
35535
83784
24818
96025
83936
24417
14644
46812
4365
30838
26467
24768
97646
8603
27209
31400
19817
77033
5931
35575
40488
77684
69099
11454
68024
41967
28994
82635
89613
21926
66688
30117
98411
51007
87358
93425
81755
48755
96463
24115
69680
16182
25967
35486
27795
5843
23701
37411
26012
98467
16747
63335
6174
83971
34393
26192
29948
61071
77319
44731
34823
57360
70352
51921
31660
14379
47074
48444
6348
69888
86807
864
94013
15364
77663
72091
31451
21138
4425
6092
93912
70192
57905
32695
90966
60339
29250
73684
54034
22734
48484
15689
63905
65618
1707
91564
69973
31528
82679
86329
66831
11808
33749
27698
41356
4916
11174
70409
39330
48377
24087
39079
32891
73785
92851
9028
54944
82071
21442
59155
31104
55834
58265
39991
23079
31806
78152
38178
4685
56508
50289
94067
3714
90717
99456
70369
46681
52593
88291
57061
1386
15322
27290
18058
42142
33407
86233
40043
69472
45835
14528
60273
76932
9146
15631
21767
63546
39780
64234
25697
98640
64162
63698
51914
27555
86798
2917
54421
2653
51710
5366
25610
42709
6774
99652
63053
90004
99345
84349
23471
37235
64919
84538
8865
27986
82096
58806
55147
75728
76356
31512
69101
33583
14922
72824
4906
89276
12876
76383
90465
90767
34957
48331
79895
26402
51372
79833
60366
11694
79619
99345
66485
51127
73994
41157
18008
28353
83525
81009
45092
71055
59043
74141
454
72048
13149
59909
97827
34280
72030
10063
23613
96798
71743
49414
86738
90680
26190
78991
51502
87416
55392
1190
27517
17647
93912
18344
57581
84392
47289
45548
19477
20402
91744
3011
70682
49245
53338
69818
47721
98430
93105
85556
36149
19220
99611
55529
4830
46250
48525
55983
39970
76239
91795
25630
57158
3026
18361
98273
86222
70811
29142
81432
38379
15187
51640
26675
6685
53826
13829
51010
61841
49573
5273
39777
95696
18793
34707
53760
52608
54117
45295
74716
58494
17232
42766
76650
59621
38074
48066
21410
23268
38706
38427
70572
83651
68081
59074
11864
159
86958
47664
42028
8067
93036
50862
92870
59918
77679
32443
75477
82781
72497
50153
6688
95951
18167
54748
11660
82619
14149
34786
61256
80675
3508
40121
29752
87717
42493
23158
4003
80703
82285
91622
95176
9949
5646
98458
88451
63852
6250
81819
10979
76144
22922
1313
29083
73262
44050
40038
95029
28311
76450
73670
33376
73175
91551
79681
89666
96476
94993
95786
97250
26658
56541
87912
41738
93878
13142
15838
26517
65732
88873
80109
61218
80130
26033
8196
71168
57343
54595
50924
59785
24476
38614
77297
36548
87732
54096
3230
31127
57371
85922
93131
81805
59008
93732
68948
87878
37191
16739
7620
27268
67057
40718
91933
52828
76597
88293
57728
1796
9405
61969
63167
66422
32055
23821
75454
48741
74124
3793
77003
64084
81173
3586
41592
89747
38373
46373
80565
23228
46914
9862
63187
63988
40875
62213
48189
70691
10164
37608
25756
18628
612
64738
79341
81538
12740
67021
8349
39747
13182
43452
72568
70747
30495
93982
71230
27160
51753
55550
45260
18344
34290
46556
40227
2477
19972
3389
1299
65592
46526
21000
37994
65448
15294
36885
29410
83054
27702
57286
40584
8442
88361
11885
58197
1626
89907
39197
74479
39738
40809
90127
7691
12787
48965
5990
40894
64390
85697
67209
35572
38890
90253
60885
62092
24087
93716
46949
63435
15413
64360
40890
57240
66273
59101
69665
5253
14033
21342
49998
6670
99496
10815
27078
64719
3374
25229
19701
34356
97398
72902
59179
60658
4202
49865
45637
4909
62442
86570
18545
35869
21515
97364
55656
17580
47535
24335
6102
26229
1165
61702
73885
97350
91467
88495
94125
72057
16054
89371
90702
99892
51476
7910
69965
74552
39561
61129
29123
75502
92802
69814
82738
24811
36074
97894
54768
7337
17647
60605
54239
17209
77500
57895
89974
29423
15318
60914
49070
27937
38105
3719
16349
13568
58701
58651
47935
41687
97764
77555
62769
87219
37282
68126
78557
97490
64438
93806
67721
9837
1386
49681
59181
94085
39748
9523
87378
21597
90440
59675
19293
99818
15922
75333
26200
64623
91488
49434
55706
47577
78972
32647
76955
76665
30555
84602
96742
57844
48238
79542
20332
77477
82568
6133
12831
66857
7267
65003
77856
47133
16046
23018
94889
85006
75877
44514
63569
30298
90939
13676
96540
75289
59671
66155
11337
79024
33644
55159
75020
4952
81174
83461
22220
38357
97320
64429
3457
70918
29985
30212
84813
12046
18075
58994
76286
12663
51474
78762
72011
48034
29012
38523
72093
76008
26264
26305
56653
17364
4573
5620
31081
89153
8555
10846
87526
89942
45385
4509
53962
26996
7175
86175
62800
96734
85827
469
15999
74029
49798
43439
52142
30935
49329
31518
24757
53418
11391
16920
25126
17924
26115
94537
10687
54310
75505
67233
77405
40732
71293
45037
81073
63330
20662
9256
88994
65837
64140
52374
59778
25318
60865
11901
464
83149
2942
4721
79948
6314
55168
67838
65503
86753
53196
44596
1568
43803
49085
9310
47570
12296
20603
81121
6762
99336
39178
28466
8112
31964
24584
23998
63593
82623
97717
99877
74317
17760
54306
64025
75125
78576
34301
47022
21251
50695
22752
10373
8172
53401
38684
82205
51071
77099
9590
7519
69775
47605
18684
38293
59609
44908
81129
80736
25073
70748
67874
76558
6375
32111
27291
78740
44172
43601
52294
15124
84511
98776
31675
80504
99366
87167
53448
58438
38850
41916
46606
69743
51253
99621
13444
53667
92029
82908
69657
44286
81046
26987
42813
34018
20953
45982
98143
41066
78755
60548
88884
68698
67735
50572
39903
39073
80572
71909
89544
11944
47063
63461
88054
52036
94861
53781
40087
12773
95427
55318
82424
37106
87309
93149
49305
29983
59204
33329
317
84239
36794
1090
1498
97066
90623
96715
50214
44450
39292
70878
86443
22037
73386
62538
88826
28748
31362
86324
28936
76575
56000
91580
49300
32690
74329
80718
41299
95464
20136
65872
94402
16233
32560
71134
96138
4659
60748
35380
35672
28722
82688
58673
26061
41887
86817
43608
93389
75610
47295
61104
92221
97535
65664
44665
44994
30312
77626
69541
66422
99842
9833
18360
84595
74920
27450
74027
58255
6567
47922
61895
82207
25009
44682
31584
71845
68648
42713
32218
33148
97316
17806
58406
54897
5171
15853
83477
5287
53388
37948
33919
57227
69270
38960
39263
13551
1066
58322
40589
94841
5368
37362
35485
67821
69790
76769
67817
91167
84073
37029
46997
54177
98862
77337
96273
92911
64623
53010
60266
3960
11310
7362
27282
77941
16575
41057
5281
15858
94412
84798
98224
67717
57963
3568
85688
17845
43374
58839
14239
30849
30105
29997
81570
48759
38919
51932
35647
18617
49198
98283
17844
24590
87513
57397
99238
64178
2358
83403
43477
1339
54775
83319
96281
71297
27517
62249
21135
1174
2292
58043
67919
68478
77575
91372
51293
90253
54119
44427
4891
28275
2245
13020
76227
34016
28095
81844
18276
6114
49777
62664
97717
76586
79852
95077
76303
68017
7198
57207
25681
61393
95151
52576
77875
46197
63863
65378
38281
88943
80181
79201
69060
57898
40973
7529
42058
59842
78812
58110
4567
80963
28255
365
27280
53752
62030
77245
73398
81237
58871
41996
57862
93325
72413
13969
49301
17459
51155
59712
35800
17380
9490
58980
32248
94622
45666
74502
24179
89377
96619
68165
24521
55428
86788
27299
97604
45268
34176
76540
25584
77484
31441
35374
86121
80063
95916
73338
23270
49388
69126
76368
39015
76440
14807
8227
7421
55267
90657
39414
7921
91209
58898
76101
35746
58270
25944
35380
76434
64255
92985
29958
24104
18152
87719
73327
5930
94892
73559
90470
28137
35152
42871
97996
61457
84802
44819
436
9743
70939
34508
78721
75408
9839
73784
52003
44447
41060
2798
14258
55534
41678
18277
27215
54744
41691
84155
45952
85944
60057
8574
51017
49562
99595
75369
47630
81553
13621
38772
3825
75345
98159
10754
3826
88005
45588
47308
3571
25561
1249
26731
63115
21439
84112
28274
75709
72222
67135
52399
53213
19575
82862
2575
9716
69557
43259
20574
64783
32921
52541
20462
44218
86315
76268
44636
92450
68201
62162
27324
72739
19922
75567
99528
46555
56137
39142
11243
39380
5930
67937
27726
68330
57878
90589
53283
58253
44191
4626
11497
77496
86593
32969
58362
54825
62136
28403
75226
79971
5209
22842
46886
969
14333
93442
92403
3525
92601
5688
30151
48691
9553
1561
58722
62103
11441
41451
6224
40927
54915
24067
41442
36159
47352
35601
20184
49242
73789
72210
96816
9059
38062
23509
35870
9553
56893
3648
82445
54540
23168
3087
21698
81158
18472
37272
571
27148
20214
37548
17224
55331
51569
97459
41242
1588
49346
58393
65538
54737
69692
5581
5160
39674
28007
27411
78244
33199
72061
23996
73010
69746
31682
10952
34650
40917
59134
72510
62064
73844
91482
50941
20394
41323
30968
88411
90857
56920
49427
47774
50224
84976
97633
94281
76975
61754
48381
5787
96080
38849
30799
45805
33404
69408
86874
98770
5306
90414
68397
85931
75603
39757
47252
24541
48937
7025
74796
92484
10209
25812
19010
225
99112
89944
1123
84796
26335
51805
71678
86258
84930
95349
62498
13406
62874
54562
52106
86998
57676
2434
40330
27254
69615
65625
53550
51168
97048
13678
63760
1013
64442
72376
22320
19629
33358
9385
5321
60706
1969
9789
35470
82631
63850
90506
18924
96405
54298
77144
78531
11
29419
31889
78480
94424
42293
46481
56340
45681
24224
34445
90502
20566
75812
41436
58449
53475
23960
78012
53786
37748
22954
14251
3483
43410
11707
62343
55681
54007
86717
56409
79071
13954
40080
151
80748
83600
92201
30060
14084
77810
28916
42140
94452
83659
26407
3769
87471
17815
4329
29969
25306
58785
15524
66752
21707
68124
26523
46882
34744
16765
65256
96108
64463
48716
13312
2589
81470
17023
10888
80807
99083
50791
93929
33983
37015
82234
89116
63084
18443
23772
37686
78395
46860
3557
29055
18746
5845
13837
87142
32289
89501
30690
45721
76363
81563
32117
45866
93320
26145
29388
21336
79665
69572
96480
23519
23095
33328
54831
45214
57081
30669
83531
26780
50291
71282
72349
34789
21132
76080
96266
84313
47525
83685
4286
34928
71032
26460
82606
35852
50656
4565
73757
38469
96934
20226
43197
57026
27840
67074
33600
52991
95407
16036
55488
60294
26232
33885
30818
69112
32024
40449
76081
74776
17227
656
69212
10767
17740
32045
60932
52673
87249
78974
35629
67777
14
90542
27515
23428
95580
37641
20486
44562
96975
68850
71000
70038
89932
5351
95737
68664
83892
11207
28927
91117
17104
86594
76889
17606
57931
67177
69346
27555
61733
5224
25192
93078
47178
8177
56147
49183
36143
77576
695
76225
7550
75737
61926
7079
84514
12232
70902
88569
31353
77811
37148
83332
62522
30861
36532
58498
46154
11252
80268
83927
81338
50395
9813
17482
29661
28742
4783
72405
91844
99262
20947
88791
97636
5423
62473
862865
3
2
3
21
4
3
5
1
3
5
3
1
4